,NAMN,Producent,GISHektar,Lannamn,CenterX,CenterY,Aktualitet,Kommunnamn,Metod,Kvalitet,Kommentar,OBJECTID,Laddatum,Lopnr,shape_STAr,shape_STLe,link,quality,comments,zone,road_distance,burntX,burntY,unburntX,unburntY
0,,Skogsstyrelsen,1.0,Dalarnas län,6817084.0,505854.0,,Rättvik,Manuell kartering - satellit,Granskad - God,Ser inte ut att ha brunnit så hårt,1.0,2018-11-12,0.0,9321.94458008,396.439837913,https://kartor.skogsstyrelsen.se/kartorapp/?startapp=skogligagrunddata&x=6817084&y=505854&scale=37502.2872&bg=KARTA,,,3.0,,,,,
1,,Skogsstyrelsen,0.0,Jämtlands län,7014643.0,520492.0,,Ragunda,Manuell kartering - satellit,Granskad - God,,2.0,2018-11-12,0.0,3467.79711914,231.14321534299998,https://kartor.skogsstyrelsen.se/kartorapp/?startapp=skogligagrunddata&x=7014643&y=520492&scale=37502.2872&bg=KARTA,,,4.0,,,,,
2,,Skogsstyrelsen,25.0,Norrbottens län,7451801.0,795352.0,,Gällivare,Manuell kartering - satellit,Granskad - God,Redan karterad med dålig kvalitet,3.0,2018-11-12,0.0,252826.302246,2094.48298393,https://kartor.skogsstyrelsen.se/kartorapp/?startapp=skogligagrunddata&x=7451801&y=795352&scale=37502.2872&bg=KARTA,,,5.0,,,,,
3,,Skogsstyrelsen,0.0,Norrbottens län,7436253.0,786486.0,,Gällivare,Manuell kartering - satellit,Granskad - God,,4.0,2018-11-12,0.0,2226.24609375,215.198972997,https://kartor.skogsstyrelsen.se/kartorapp/?startapp=skogligagrunddata&x=7436253&y=786486&scale=37502.2872&bg=KARTA,,,5.0,,,,,
4,,Skogsstyrelsen,7.0,Norrbottens län,7413872.0,784183.0,,Gällivare,Manuell kartering - satellit,Granskad - God,,5.0,2018-11-12,0.0,70582.4331055,1137.32523334,https://kartor.skogsstyrelsen.se/kartorapp/?startapp=skogligagrunddata&x=7413872&y=784183&scale=37502.2872&bg=KARTA,,,5.0,,,,,
5,,Skogsstyrelsen,0.0,Norrbottens län,7420692.0,835344.0,,Överkalix,Manuell kartering - satellit,Granskad - God,,6.0,2018-11-12,0.0,2211.57519531,173.59682531599998,https://kartor.skogsstyrelsen.se/kartorapp/?startapp=skogligagrunddata&x=7420692&y=835344&scale=37502.2872&bg=KARTA,,,5.0,,,,,
6,,Skogsstyrelsen,1.0,Norrbottens län,7428291.0,890227.0,,Övertorneå,Manuell kartering - satellit,Granskad - God,,7.0,2018-11-12,0.0,9508.27978516,367.87649838199997,https://kartor.skogsstyrelsen.se/kartorapp/?startapp=skogligagrunddata&x=7428291&y=890227&scale=37502.2872&bg=KARTA,,,5.0,,,,,
7,,Skogsstyrelsen,2.0,Norrbottens län,7419231.0,681153.0,,Jokkmokk,Manuell kartering - satellit,Granskad - God,,8.0,2018-11-12,0.0,19626.334960900003,521.936447049,https://kartor.skogsstyrelsen.se/kartorapp/?startapp=skogligagrunddata&x=7419231&y=681153&scale=37502.2872&bg=KARTA,,,5.0,,,,,
8,,Skogsstyrelsen,11.0,Norrbottens län,7413932.0,680313.0,,Jokkmokk,Manuell kartering - satellit,Granskad - God,,9.0,2018-11-12,0.0,109904.416504,1483.89236674,https://kartor.skogsstyrelsen.se/kartorapp/?startapp=skogligagrunddata&x=7413932&y=680313&scale=37502.2872&bg=KARTA,,,5.0,,,,,
9,,Skogsstyrelsen,0.0,Norrbottens län,7408632.0,701085.0,,Jokkmokk,Manuell kartering - satellit,Granskad - God,,10.0,2018-11-12,0.0,3310.58203125,211.633486795,https://kartor.skogsstyrelsen.se/kartorapp/?startapp=skogligagrunddata&x=7408632&y=701085&scale=37502.2872&bg=KARTA,,,5.0,,,,,
10,,Skogsstyrelsen,10.0,Norrbottens län,7385089.0,761983.0,,Jokkmokk,Manuell kartering - satellit,Granskad - God,,11.0,2018-11-12,0.0,99592.3344727,1353.84340678,https://kartor.skogsstyrelsen.se/kartorapp/?startapp=skogligagrunddata&x=7385089&y=761983&scale=37502.2872&bg=KARTA,,,5.0,,,,,
11,,Skogsstyrelsen,4.0,Norrbottens län,7362472.0,743216.0,,Jokkmokk,Manuell kartering - satellit,Granskad - God,,12.0,2018-11-12,0.0,39951.4760742,1123.6836989,https://kartor.skogsstyrelsen.se/kartorapp/?startapp=skogligagrunddata&x=7362472&y=743216&scale=37502.2872&bg=KARTA,,,5.0,,,,,
12,,Skogsstyrelsen,1.0,Norrbottens län,7346198.0,825294.0,,Luleå,Manuell kartering - satellit,Granskad - God,,13.0,2018-11-12,0.0,10960.4824219,432.920681275,https://kartor.skogsstyrelsen.se/kartorapp/?startapp=skogligagrunddata&x=7346198&y=825294&scale=37502.2872&bg=KARTA,,,5.0,,,,,
13,,Skogsstyrelsen,1.0,Norrbottens län,7332414.0,720730.0,,Jokkmokk,Manuell kartering - satellit,Granskad - God,,14.0,2018-11-12,0.0,5491.05126953,274.81272648,https://kartor.skogsstyrelsen.se/kartorapp/?startapp=skogligagrunddata&x=7332414&y=720730&scale=37502.2872&bg=KARTA,,,5.0,,,,,
14,,Skogsstyrelsen,3.0,Norrbottens län,7285641.0,758705.0,,Piteå,Manuell kartering - satellit,Granskad - God,,15.0,2018-11-12,0.0,26778.3452148,790.263684865,https://kartor.skogsstyrelsen.se/kartorapp/?startapp=skogligagrunddata&x=7285641&y=758705&scale=37502.2872&bg=KARTA,,,5.0,,,,,
15,,Skogsstyrelsen,97.0,Västerbottens län,7234732.0,754306.0,,Skellefteå,Manuell kartering - satellit,Granskad - God,Utökning av UngBrandomrade_180810. Trol återantändning 29/5.,16.0,2018-11-12,0.0,974801.870117,5030.33467411,https://kartor.skogsstyrelsen.se/kartorapp/?startapp=skogligagrunddata&x=7234732&y=754306&scale=37502.2872&bg=KARTA,,,4.0,,,,,
16,,Skogsstyrelsen,1.0,Västerbottens län,7197206.0,771349.0,,Skellefteå,Manuell kartering - satellit,Granskad - God,,17.0,2018-11-12,0.0,10112.431152299998,471.423462864,https://kartor.skogsstyrelsen.se/kartorapp/?startapp=skogligagrunddata&x=7197206&y=771349&scale=37502.2872&bg=KARTA,,,4.0,,,,,
17,,Skogsstyrelsen,0.0,Västerbottens län,7180967.0,686168.0,,Lycksele,Manuell kartering - satellit,Granskad - God,Långt från larmkoordinaten,18.0,2018-11-12,0.0,2576.05664063,200.35878558099998,https://kartor.skogsstyrelsen.se/kartorapp/?startapp=skogligagrunddata&x=7180967&y=686168&scale=37502.2872&bg=KARTA,,,4.0,,,,,
18,,Skogsstyrelsen,6.0,Västerbottens län,7171921.0,641184.0,,Lycksele,Manuell kartering - satellit,Granskad - God,,19.0,2018-11-12,0.0,60104.59033200001,1276.28329723,https://kartor.skogsstyrelsen.se/kartorapp/?startapp=skogligagrunddata&x=7171921&y=641184&scale=37502.2872&bg=KARTA,,,4.0,,,,,
19,,Skogsstyrelsen,4.0,Västerbottens län,7141638.0,669472.0,,Lycksele,Manuell kartering - satellit,Granskad - God,,20.0,2018-11-12,0.0,39508.0703125,878.2489931910001,https://kartor.skogsstyrelsen.se/kartorapp/?startapp=skogligagrunddata&x=7141638&y=669472&scale=37502.2872&bg=KARTA,,,4.0,,,,,
20,,Skogsstyrelsen,0.0,Västerbottens län,7117167.0,617501.0,,Åsele,Manuell kartering - satellit,Granskad - God,,21.0,2018-11-12,0.0,674.5607910159999,107.873096175,https://kartor.skogsstyrelsen.se/kartorapp/?startapp=skogligagrunddata&x=7117167&y=617501&scale=37502.2872&bg=KARTA,,,4.0,,,,,
21,,Skogsstyrelsen,1.0,Västerbottens län,7110876.0,628490.0,,Åsele,Manuell kartering - satellit,Granskad - God,,22.0,2018-11-12,0.0,11025.639160200002,384.241051856,https://kartor.skogsstyrelsen.se/kartorapp/?startapp=skogligagrunddata&x=7110876&y=628490&scale=37502.2872&bg=KARTA,,,4.0,,,,,
22,,Skogsstyrelsen,0.0,Jämtlands län,7134913.0,508479.0,,Strömsund,Manuell kartering - satellit,Granskad - God,,23.0,2018-11-12,0.0,3604.27294922,226.53225875200002,https://kartor.skogsstyrelsen.se/kartorapp/?startapp=skogligagrunddata&x=7134913&y=508479&scale=37502.2872&bg=KARTA,,,4.0,,,,,
23,,Skogsstyrelsen,1.0,Västerbottens län,7111942.0,669077.0,,Åsele,Manuell kartering - satellit,Granskad - God,,24.0,2018-11-12,0.0,10875.15625,405.279760065,https://kartor.skogsstyrelsen.se/kartorapp/?startapp=skogligagrunddata&x=7111942&y=669077&scale=37502.2872&bg=KARTA,,,4.0,,,,,
24,,Skogsstyrelsen,1.0,Västerbottens län,7116381.0,680579.0,,Lycksele,Manuell kartering - satellit,Granskad - God,,25.0,2018-11-12,0.0,6135.07421875,402.240167831,https://kartor.skogsstyrelsen.se/kartorapp/?startapp=skogligagrunddata&x=7116381&y=680579&scale=37502.2872&bg=KARTA,,,4.0,,,,,
25,,Skogsstyrelsen,3.0,Västernorrlands län,7094456.0,662332.0,,Örnsköldsvik,Manuell kartering - satellit,Granskad - God,,26.0,2018-11-12,0.0,29200.9716797,641.27919488,https://kartor.skogsstyrelsen.se/kartorapp/?startapp=skogligagrunddata&x=7094456&y=662332&scale=37502.2872&bg=KARTA,,,4.0,,,,,
26,,Skogsstyrelsen,2.0,Västernorrlands län,7089537.0,645706.0,,Örnsköldsvik,Manuell kartering - satellit,Granskad - God,2 km från larmkoordinat,27.0,2018-11-12,0.0,19890.0737305,541.2718540430001,https://kartor.skogsstyrelsen.se/kartorapp/?startapp=skogligagrunddata&x=7089537&y=645706&scale=37502.2872&bg=KARTA,,,4.0,,,,,
27,,Skogsstyrelsen,1.0,Västernorrlands län,7082187.0,672724.0,,Örnsköldsvik,Manuell kartering - satellit,Granskad - God,,28.0,2018-11-12,0.0,5223.76757813,273.604377563,https://kartor.skogsstyrelsen.se/kartorapp/?startapp=skogligagrunddata&x=7082187&y=672724&scale=37502.2872&bg=KARTA,,,4.0,,,,,
28,,Skogsstyrelsen,1.0,Västerbottens län,7086968.0,716508.0,,Bjurholm,Manuell kartering - satellit,Granskad - God,,29.0,2018-11-12,0.0,13804.144043,443.689974554,https://kartor.skogsstyrelsen.se/kartorapp/?startapp=skogligagrunddata&x=7086968&y=716508&scale=37502.2872&bg=KARTA,,,4.0,,,,,
29,,Skogsstyrelsen,3.0,Västerbottens län,7068280.0,740177.0,,Umeå,Manuell kartering - satellit,Granskad - God,,30.0,2018-11-12,0.0,29392.299316400004,715.219658369,https://kartor.skogsstyrelsen.se/kartorapp/?startapp=skogligagrunddata&x=7068280&y=740177&scale=37502.2872&bg=KARTA,,,4.0,,,,,
30,,Skogsstyrelsen,1.0,Västerbottens län,7077188.0,749503.0,,Umeå,Manuell kartering - satellit,Granskad - God,,31.0,2018-11-12,0.0,10482.3183594,394.48423070900003,https://kartor.skogsstyrelsen.se/kartorapp/?startapp=skogligagrunddata&x=7077188&y=749503&scale=37502.2872&bg=KARTA,,,4.0,,,,,
31,,Skogsstyrelsen,4.0,Västerbottens län,7084965.0,762977.0,,Umeå,Manuell kartering - satellit,Granskad - God,,32.0,2018-11-12,0.0,40982.0268555,1255.76407951,https://kartor.skogsstyrelsen.se/kartorapp/?startapp=skogligagrunddata&x=7084965&y=762977&scale=37502.2872&bg=KARTA,,,4.0,,,,,
32,,Skogsstyrelsen,1.0,Västerbottens län,7077870.0,766452.0,,Umeå,Manuell kartering - satellit,Granskad - God,,33.0,2018-11-12,0.0,6921.06835938,320.091265958,https://kartor.skogsstyrelsen.se/kartorapp/?startapp=skogligagrunddata&x=7077870&y=766452&scale=37502.2872&bg=KARTA,,,4.0,,,,,
33,,Skogsstyrelsen,0.0,Västernorrlands län,7047392.0,696394.0,,Örnsköldsvik,Manuell kartering - satellit,Granskad - God,,34.0,2018-11-12,0.0,557.194824219,85.5908161038,https://kartor.skogsstyrelsen.se/kartorapp/?startapp=skogligagrunddata&x=7047392&y=696394&scale=37502.2872&bg=KARTA,,,4.0,,,,,
34,,Skogsstyrelsen,1.0,Västernorrlands län,7047532.0,696702.0,,Örnsköldsvik,Manuell kartering - satellit,Granskad - God,,35.0,2018-11-12,0.0,14584.585449200002,556.719822832,https://kartor.skogsstyrelsen.se/kartorapp/?startapp=skogligagrunddata&x=7047532&y=696702&scale=37502.2872&bg=KARTA,,,4.0,,,,,
35,,Skogsstyrelsen,1.0,Västernorrlands län,7047581.0,697474.0,,Örnsköldsvik,Manuell kartering - satellit,Granskad - God,,36.0,2018-11-12,0.0,10094.6640625,430.40573319699996,https://kartor.skogsstyrelsen.se/kartorapp/?startapp=skogligagrunddata&x=7047581&y=697474&scale=37502.2872&bg=KARTA,,,4.0,,,,,
36,,Skogsstyrelsen,1.0,Västernorrlands län,7042114.0,654856.0,,Örnsköldsvik,Manuell kartering - satellit,Granskad - God,,37.0,2018-11-12,0.0,11706.6181641,482.54032590800006,https://kartor.skogsstyrelsen.se/kartorapp/?startapp=skogligagrunddata&x=7042114&y=654856&scale=37502.2872&bg=KARTA,,,4.0,,,,,
37,,Skogsstyrelsen,4.0,Västernorrlands län,7040486.0,670498.0,,Örnsköldsvik,Manuell kartering - satellit,Granskad - God,,38.0,2018-11-12,0.0,41789.9545898,1660.46359968,https://kartor.skogsstyrelsen.se/kartorapp/?startapp=skogligagrunddata&x=7040486&y=670498&scale=37502.2872&bg=KARTA,,,4.0,,,,,
38,,Skogsstyrelsen,1.0,Jämtlands län,7078170.0,462750.0,,Krokom,Manuell kartering - satellit,Granskad - God,,39.0,2018-11-12,0.0,14843.867675799998,498.132597665,https://kartor.skogsstyrelsen.se/kartorapp/?startapp=skogligagrunddata&x=7078170&y=462750&scale=37502.2872&bg=KARTA,,,4.0,,,,,
39,,Skogsstyrelsen,1.0,Jämtlands län,7086386.0,568700.0,,Strömsund,Manuell kartering - satellit,Granskad - God,Id 158 händelserapport MSB180820?,40.0,2018-11-12,0.0,14821.395507799998,472.30698837,https://kartor.skogsstyrelsen.se/kartorapp/?startapp=skogligagrunddata&x=7086386&y=568700&scale=37502.2872&bg=KARTA,,,4.0,,,,,
40,,Skogsstyrelsen,0.0,Jämtlands län,7055974.0,526171.0,,Strömsund,Manuell kartering - satellit,Granskad - God,,41.0,2018-11-12,0.0,1333.6887207,140.120623607,https://kartor.skogsstyrelsen.se/kartorapp/?startapp=skogligagrunddata&x=7055974&y=526171&scale=37502.2872&bg=KARTA,,,4.0,,,,,
41,,Skogsstyrelsen,0.0,Jämtlands län,7003853.0,491703.0,,Östersund,Manuell kartering - satellit,Granskad - God,,42.0,2018-11-12,0.0,2932.9128418,200.281451327,https://kartor.skogsstyrelsen.se/kartorapp/?startapp=skogligagrunddata&x=7003853&y=491703&scale=37502.2872&bg=KARTA,,,4.0,,,,,
42,,Skogsstyrelsen,6.0,Västernorrlands län,7026754.0,621833.0,,Sollefteå,Manuell kartering - satellit,Granskad - God,,43.0,2018-11-12,0.0,57148.665771500004,1099.43075523,https://kartor.skogsstyrelsen.se/kartorapp/?startapp=skogligagrunddata&x=7026754&y=621833&scale=37502.2872&bg=KARTA,,,4.0,,,,,
43,,Skogsstyrelsen,1.0,Västernorrlands län,7014957.0,641651.0,,Sollefteå,Manuell kartering - satellit,Granskad - God,,44.0,2018-11-12,0.0,8325.25390625,375.058238339,https://kartor.skogsstyrelsen.se/kartorapp/?startapp=skogligagrunddata&x=7014957&y=641651&scale=37502.2872&bg=KARTA,,,4.0,,,,,
44,,Skogsstyrelsen,1.0,Västernorrlands län,6933152.0,520757.0,,Ånge,Manuell kartering - satellit,Granskad - God,,45.0,2018-11-12,0.0,11725.3994141,407.61765681599996,https://kartor.skogsstyrelsen.se/kartorapp/?startapp=skogligagrunddata&x=6933152&y=520757&scale=37502.2872&bg=KARTA,,,3.0,,,,,
45,,Skogsstyrelsen,7.0,Jämtlands län,6961380.0,438645.0,,Berg,Manuell kartering - satellit,Granskad - God,Tidigare dåligt karterad i UngBrandomrade_180810,46.0,2018-11-12,0.0,72397.3481445,1060.95251366,https://kartor.skogsstyrelsen.se/kartorapp/?startapp=skogligagrunddata&x=6961380&y=438645&scale=37502.2872&bg=KARTA,,,3.0,,,,,
46,,Skogsstyrelsen,1.0,Jämtlands län,6919332.0,489185.0,,Berg,Manuell kartering - satellit,Granskad - God,,47.0,2018-11-12,0.0,9716.46411133,365.620883152,https://kartor.skogsstyrelsen.se/kartorapp/?startapp=skogligagrunddata&x=6919332&y=489185&scale=37502.2872&bg=KARTA,,,3.0,,,,,
47,,Skogsstyrelsen,0.0,Jämtlands län,6895513.0,463826.0,,Härjedalen,Manuell kartering - satellit,Granskad - God,,48.0,2018-11-12,0.0,2233.25219727,243.48395269999997,https://kartor.skogsstyrelsen.se/kartorapp/?startapp=skogligagrunddata&x=6895513&y=463826&scale=37502.2872&bg=KARTA,,,3.0,,,,,
48,,Skogsstyrelsen,1.0,Västernorrlands län,6915712.0,530006.0,,Ånge,Manuell kartering - satellit,Granskad - God,Svårkarterad,49.0,2018-11-12,0.0,7854.52172852,326.181219153,https://kartor.skogsstyrelsen.se/kartorapp/?startapp=skogligagrunddata&x=6915712&y=530006&scale=37502.2872&bg=KARTA,,,3.0,,,,,
49,,Skogsstyrelsen,5.0,Gävleborgs län,6898978.0,533699.0,,Ljusdal,Manuell kartering - satellit,Granskad - God,,50.0,2018-11-12,0.0,49811.698974599996,885.673478773,https://kartor.skogsstyrelsen.se/kartorapp/?startapp=skogligagrunddata&x=6898978&y=533699&scale=37502.2872&bg=KARTA,,,3.0,,,,,
50,,Skogsstyrelsen,1.0,Gävleborgs län,6896071.0,535285.0,,Ljusdal,Manuell kartering - satellit,Granskad - God,,51.0,2018-11-12,0.0,10018.147949200002,482.138420505,https://kartor.skogsstyrelsen.se/kartorapp/?startapp=skogligagrunddata&x=6896071&y=535285&scale=37502.2872&bg=KARTA,,,3.0,,,,,
51,,Skogsstyrelsen,0.0,Västernorrlands län,6897317.0,630705.0,,Sundsvall,Manuell kartering - satellit,Granskad - God,,52.0,2018-11-12,0.0,2002.61474609,162.456318248,https://kartor.skogsstyrelsen.se/kartorapp/?startapp=skogligagrunddata&x=6897317&y=630705&scale=37502.2872&bg=KARTA,,,3.0,,,,,
52,,Skogsstyrelsen,116.0,Norrbottens län,7393317.0,769529.0,,Gällivare,Manuell kartering - satellit,Granskad - God,,53.0,2018-11-12,0.0,1160664.32715,7333.97193624,https://kartor.skogsstyrelsen.se/kartorapp/?startapp=skogligagrunddata&x=7393317&y=769529&scale=37502.2872&bg=KARTA,-1.0,,5.0,5.0,,,,
53,,Skogsstyrelsen,39.0,Norrbottens län,7386942.0,744557.0,,Jokkmokk,Manuell kartering - satellit,Granskad - God,,54.0,2018-11-12,0.0,388699.87353499996,4156.26198597,https://kartor.skogsstyrelsen.se/kartorapp/?startapp=skogligagrunddata&x=7386942&y=744557&scale=37502.2872&bg=KARTA,,,5.0,,,,,
54,,Skogsstyrelsen,1.0,Jämtlands län,6889274.0,521886.0,,Härjedalen,Manuell kartering - satellit,Granskad - God,,55.0,2018-11-12,0.0,6215.77758789,319.795312776,https://kartor.skogsstyrelsen.se/kartorapp/?startapp=skogligagrunddata&x=6889274&y=521886&scale=37502.2872&bg=KARTA,,,3.0,,,,,
55,,Skogsstyrelsen,1.0,Gävleborgs län,6879498.0,604961.0,,Nordanstig,Manuell kartering - satellit,Granskad - God,,56.0,2018-11-12,0.0,12211.304199200002,493.325790115,https://kartor.skogsstyrelsen.se/kartorapp/?startapp=skogligagrunddata&x=6879498&y=604961&scale=37502.2872&bg=KARTA,,,3.0,,,,,
56,,Skogsstyrelsen,1.0,Gävleborgs län,6874858.0,592152.0,,Hudiksvall,Manuell kartering - satellit,Granskad - God,,57.0,2018-11-12,0.0,14343.650634799998,482.716562773,https://kartor.skogsstyrelsen.se/kartorapp/?startapp=skogligagrunddata&x=6874858&y=592152&scale=37502.2872&bg=KARTA,,,3.0,,,,,
57,,Skogsstyrelsen,1.0,Gävleborgs län,6864236.0,599055.0,,Hudiksvall,Manuell kartering - satellit,Granskad - God,,58.0,2018-11-12,0.0,11492.5168457,415.294623297,https://kartor.skogsstyrelsen.se/kartorapp/?startapp=skogligagrunddata&x=6864236&y=599055&scale=37502.2872&bg=KARTA,,,3.0,,,,,
58,,Skogsstyrelsen,2.0,Gävleborgs län,6867311.0,573854.0,,Hudiksvall,Manuell kartering - satellit,Granskad - God,,59.0,2018-11-12,0.0,20544.190429700004,531.67468178,https://kartor.skogsstyrelsen.se/kartorapp/?startapp=skogligagrunddata&x=6867311&y=573854&scale=37502.2872&bg=KARTA,,,3.0,,,,,
59,Näset,Skogsstyrelsen,14.0,Jämtlands län,6991496.0,573941.0,,Ragunda,Manuell kartering - satellit,Granskad - God,Korr Metrias avgränsning,60.0,2018-11-12,0.0,139214.13623,2645.30706663,https://kartor.skogsstyrelsen.se/kartorapp/?startapp=skogligagrunddata&x=6991496&y=573941&scale=37502.2872&bg=KARTA,,,4.0,,,,,
60,Äxingmyrkullen,Skogsstyrelsen,423.0,Jämtlands län,6972196.0,523718.0,,Bräcke,Manuell kartering - satellit,Granskad - God,Mindre justering Copernicus och Metria,61.0,2018-11-12,0.0,4230332.71729,13051.5291865,https://kartor.skogsstyrelsen.se/kartorapp/?startapp=skogligagrunddata&x=6972196&y=523718&scale=37502.2872&bg=KARTA,,,3.0,,,,,
61,,Skogsstyrelsen,5.0,Jämtlands län,7018649.0,425001.0,,Åre,Manuell kartering - satellit,Granskad - God,Tips från Janne E,62.0,2018-11-12,0.0,54078.7941895,1082.69415852,https://kartor.skogsstyrelsen.se/kartorapp/?startapp=skogligagrunddata&x=7018649&y=425001&scale=37502.2872&bg=KARTA,,,4.0,,,,,
62,,Skogsstyrelsen,8.0,Jämtlands län,6976815.0,514925.0,,Bräcke,Manuell kartering - satellit,Granskad - God,Från 180821_LST_2poster JanE,63.0,2018-11-12,0.0,80275.1730957,1465.94904386,https://kartor.skogsstyrelsen.se/kartorapp/?startapp=skogligagrunddata&x=6976815&y=514925&scale=37502.2872&bg=KARTA,,,3.0,,,,,
63,,Skogsstyrelsen,1.0,Jämtlands län,6871916.0,445686.0,,Härjedalen,Manuell kartering - satellit,Granskad - God,Från 180821_LSTZ_2poster JanE,64.0,2018-11-12,0.0,7042.99487305,323.186603167,https://kartor.skogsstyrelsen.se/kartorapp/?startapp=skogligagrunddata&x=6871916&y=445686&scale=37502.2872&bg=KARTA,,,3.0,,,,,
64,Stor-Tävjeåsen,Skogsstyrelsen,174.0,Jämtlands län,6946993.0,442238.0,,Härjedalen,Manuell kartering - satellit,Granskad - God,Copernicus,65.0,2018-11-12,0.0,1735036.5026900002,13456.8162331,https://kartor.skogsstyrelsen.se/kartorapp/?startapp=skogligagrunddata&x=6946993&y=442238&scale=37502.2872&bg=KARTA,,,3.0,,,,,
65,Storbrättan,Skogsstyrelsen,945.0,Jämtlands län,6864555.0,445328.0,,Härjedalen,Manuell kartering - satellit,Granskad - God,Copernicus,66.0,2018-11-12,0.0,9449329.25952,29464.3015963,https://kartor.skogsstyrelsen.se/kartorapp/?startapp=skogligagrunddata&x=6864555&y=445328&scale=37502.2872&bg=KARTA,,,3.0,,,,,
66,,Skogsstyrelsen,1.0,Jämtlands län,6864414.0,444414.0,,Härjedalen,Manuell kartering - satellit,Granskad - God,,67.0,2018-11-12,0.0,14363.1916504,767.4332860530002,https://kartor.skogsstyrelsen.se/kartorapp/?startapp=skogligagrunddata&x=6864414&y=444414&scale=37502.2872&bg=KARTA,,,3.0,,,,,
67,,Skogsstyrelsen,0.0,Gävleborgs län,6835127.0,613120.0,,Hudiksvall,Manuell kartering - satellit,Granskad - God,thjo01,68.0,2018-11-12,0.0,3216.81005859,227.701162387,https://kartor.skogsstyrelsen.se/kartorapp/?startapp=skogligagrunddata&x=6835127&y=613120&scale=37502.2872&bg=KARTA,,,3.0,,,,,
68,,Skogsstyrelsen,0.0,Gävleborgs län,6840701.0,544653.0,,Ljusdal,Manuell kartering - satellit,Granskad - God,thjo01,69.0,2018-11-12,0.0,2495.90966797,199.85685187599998,https://kartor.skogsstyrelsen.se/kartorapp/?startapp=skogligagrunddata&x=6840701&y=544653&scale=37502.2872&bg=KARTA,,,3.0,,,,,
69,,Skogsstyrelsen,1.0,Gävleborgs län,6807643.0,560232.0,,Ovanåker,Manuell kartering - satellit,Granskad - God,thjo01,70.0,2018-11-12,0.0,5818.76733398,300.480095591,https://kartor.skogsstyrelsen.se/kartorapp/?startapp=skogligagrunddata&x=6807643&y=560232&scale=37502.2872&bg=KARTA,,,3.0,,,,,
70,,Skogsstyrelsen,1.0,Gävleborgs län,6838749.0,515048.0,,Ljusdal,Manuell kartering - satellit,Granskad - God,thjo01,71.0,2018-11-12,0.0,12954.2341309,553.05608788,https://kartor.skogsstyrelsen.se/kartorapp/?startapp=skogligagrunddata&x=6838749&y=515048&scale=37502.2872&bg=KARTA,,,3.0,,,,,
71,Nötberget,Skogsstyrelsen,872.0,Gävleborgs län,6875431.0,512605.0,,Ljusdal,Manuell kartering - flygbild,Granskad - Mycket god,Nötberget,72.0,2018-11-12,0.0,8721991.57275,23926.4930599,https://kartor.skogsstyrelsen.se/kartorapp/?startapp=skogligagrunddata&x=6875431&y=512605&scale=37502.2872&bg=KARTA,,,3.0,,,,,
72,Ängra,Skogsstyrelsen,3797.0,Gävleborgs län,6865981.0,521772.0,,Ljusdal,Manuell kartering - flygbild,Granskad - Mycket god,Ängra,73.0,2018-11-12,0.0,37971742.7134,74584.6991716,https://kartor.skogsstyrelsen.se/kartorapp/?startapp=skogligagrunddata&x=6865981&y=521772&scale=37502.2872&bg=KARTA,,,3.0,,,,,
73,Enskogen,Skogsstyrelsen,4326.0,Gävleborgs län,6872570.0,521777.0,,Ljusdal,Manuell kartering - flygbild,Granskad - Mycket god,Enskogen,74.0,2018-11-12,0.0,43261298.7729,92744.5309207,https://kartor.skogsstyrelsen.se/kartorapp/?startapp=skogligagrunddata&x=6872570&y=521777&scale=37502.2872&bg=KARTA,,,3.0,,,,,
74,,Skogsstyrelsen,0.0,Gävleborgs län,6869164.0,520517.0,,Ljusdal,Manuell kartering - satellit,Granskad - God,,75.0,2018-11-12,0.0,1654.6730957,185.571990075,https://kartor.skogsstyrelsen.se/kartorapp/?startapp=skogligagrunddata&x=6869164&y=520517&scale=37502.2872&bg=KARTA,,,3.0,,,,,
75,,Skogsstyrelsen,4.0,Jämtlands län,6926867.0,431081.0,,Härjedalen,Manuell kartering - satellit,Granskad - God,ok,76.0,2018-11-12,0.0,43775.0053711,1083.73980825,https://kartor.skogsstyrelsen.se/kartorapp/?startapp=skogligagrunddata&x=6926867&y=431081&scale=37502.2872&bg=KARTA,,,3.0,,,,,
76,,Skogsstyrelsen,0.0,Gävleborgs län,6774284.0,613290.0,,Söderhamn,Manuell kartering - satellit,Granskad - God,,77.0,2018-11-12,0.0,4538.561279300001,276.066907753,https://kartor.skogsstyrelsen.se/kartorapp/?startapp=skogligagrunddata&x=6774284&y=613290&scale=37502.2872&bg=KARTA,,,3.0,,,,,
77,,Skogsstyrelsen,1.0,Gävleborgs län,6775747.0,572378.0,,Bollnäs,Manuell kartering - satellit,Granskad - God,1300 m sydost om punkten,78.0,2018-11-12,0.0,5975.516845699999,328.856111222,https://kartor.skogsstyrelsen.se/kartorapp/?startapp=skogligagrunddata&x=6775747&y=572378&scale=37502.2872&bg=KARTA,,,3.0,,,,,
78,,Skogsstyrelsen,1.0,Dalarnas län,6761751.0,547416.0,,Falun,Manuell kartering - satellit,Granskad - God,,79.0,2018-11-12,0.0,10100.2971191,392.13036647800004,https://kartor.skogsstyrelsen.se/kartorapp/?startapp=skogligagrunddata&x=6761751&y=547416&scale=37502.2872&bg=KARTA,,,3.0,,,,,
79,,Skogsstyrelsen,0.0,Gävleborgs län,6733641.0,606057.0,,Gävle,Manuell kartering - satellit,Granskad - God,,80.0,2018-11-12,0.0,4562.52368164,284.669914803,https://kartor.skogsstyrelsen.se/kartorapp/?startapp=skogligagrunddata&x=6733641&y=606057&scale=37502.2872&bg=KARTA,,,2.0,,,,,
80,,Skogsstyrelsen,1.0,Uppsala län,6713878.0,644160.0,,Tierp,Manuell kartering - satellit,Granskad - God,470 m norr om punkten,81.0,2018-11-12,0.0,9101.2434082,420.285723394,https://kartor.skogsstyrelsen.se/kartorapp/?startapp=skogligagrunddata&x=6713878&y=644160&scale=37502.2872&bg=KARTA,,,2.0,,,,,
81,,Skogsstyrelsen,0.0,Gävleborgs län,6696097.0,596902.0,,Sandviken,Manuell kartering - satellit,Granskad - God,,82.0,2018-11-12,0.0,2036.74853516,198.192456973,https://kartor.skogsstyrelsen.se/kartorapp/?startapp=skogligagrunddata&x=6696097&y=596902&scale=37502.2872&bg=KARTA,,,2.0,,,,,
82,,Skogsstyrelsen,1.0,Gävleborgs län,6709952.0,580553.0,,Hofors,Manuell kartering - satellit,Granskad - God,,83.0,2018-11-12,0.0,8057.78295898,338.053178392,https://kartor.skogsstyrelsen.se/kartorapp/?startapp=skogligagrunddata&x=6709952&y=580553&scale=37502.2872&bg=KARTA,,,2.0,,,,,
83,,Skogsstyrelsen,1.0,Dalarnas län,6736625.0,510939.0,,Leksand,Manuell kartering - satellit,Granskad - God,,84.0,2018-11-12,0.0,8099.39526367,361.34535204400004,https://kartor.skogsstyrelsen.se/kartorapp/?startapp=skogligagrunddata&x=6736625&y=510939&scale=37502.2872&bg=KARTA,,,2.0,,,,,
84,,Skogsstyrelsen,1.0,Dalarnas län,6721572.0,481550.0,,Leksand,Manuell kartering - satellit,Granskad - God,1500 m väst om punkten,85.0,2018-11-12,0.0,7337.71118164,320.336591001,https://kartor.skogsstyrelsen.se/kartorapp/?startapp=skogligagrunddata&x=6721572&y=481550&scale=37502.2872&bg=KARTA,,,2.0,,,,,
85,,Skogsstyrelsen,1.0,Dalarnas län,6715761.0,519540.0,,Falun,Manuell kartering - satellit,Granskad - God,,86.0,2018-11-12,0.0,8169.89013672,333.734883202,https://kartor.skogsstyrelsen.se/kartorapp/?startapp=skogligagrunddata&x=6715761&y=519540&scale=37502.2872&bg=KARTA,,,2.0,,,,,
86,,Skogsstyrelsen,0.0,Dalarnas län,6713814.0,508396.0,,Gagnef,Manuell kartering - satellit,Granskad - God,,87.0,2018-11-12,0.0,4000.78515625,291.899107849,https://kartor.skogsstyrelsen.se/kartorapp/?startapp=skogligagrunddata&x=6713814&y=508396&scale=37502.2872&bg=KARTA,,,2.0,,,,,
87,,Skogsstyrelsen,0.0,Dalarnas län,6706875.0,520341.0,,Borlänge,Manuell kartering - satellit,Granskad - God,,88.0,2018-11-12,0.0,2908.65454102,239.65899730299998,https://kartor.skogsstyrelsen.se/kartorapp/?startapp=skogligagrunddata&x=6706875&y=520341&scale=37502.2872&bg=KARTA,,,2.0,,,,,
88,,Skogsstyrelsen,1.0,Dalarnas län,6706688.0,485047.0,,Gagnef,Manuell kartering - satellit,Granskad - God,,89.0,2018-11-12,0.0,10039.1262207,367.40609948800005,https://kartor.skogsstyrelsen.se/kartorapp/?startapp=skogligagrunddata&x=6706688&y=485047&scale=37502.2872&bg=KARTA,,,2.0,,,,,
89,,Skogsstyrelsen,0.0,Dalarnas län,6706766.0,452720.0,,Vansbro,Manuell kartering - satellit,Granskad - God,Tveksam,90.0,2018-11-12,0.0,856.400634766,112.13584339799999,https://kartor.skogsstyrelsen.se/kartorapp/?startapp=skogligagrunddata&x=6706766&y=452720&scale=37502.2872&bg=KARTA,,,2.0,,,,,
90,,Skogsstyrelsen,1.0,Dalarnas län,6704563.0,435787.0,,Malung,Manuell kartering - satellit,Granskad - God,,91.0,2018-11-12,0.0,5568.59008789,279.627705198,https://kartor.skogsstyrelsen.se/kartorapp/?startapp=skogligagrunddata&x=6704563&y=435787&scale=37502.2872&bg=KARTA,,,2.0,,,,,
91,Lillåsen - Fågelsjö,Skogsstyrelsen,3921.0,Jämtlands län,6853211.0,470122.0,,Härjedalen,Manuell kartering - satellit,Granskad - God,,92.0,2018-11-12,0.0,39213653.1472,46392.1121365,https://kartor.skogsstyrelsen.se/kartorapp/?startapp=skogligagrunddata&x=6853211&y=470122&scale=37502.2872&bg=KARTA,,,3.0,,,,,
92,Trängslet,Skogsstyrelsen,3468.0,Dalarnas län,6831719.0,423684.0,,Älvdalen,Manuell kartering - satellit,Granskad - God,"ingen molnfri efterbild. Använde 06, 11, 13, 21:a augusti",93.0,2018-11-12,0.0,34682808.7546,70180.46763300001,https://kartor.skogsstyrelsen.se/kartorapp/?startapp=skogligagrunddata&x=6831719&y=423684&scale=37502.2872&bg=KARTA,,,3.0,,,,,
93,Lima,Skogsstyrelsen,501.0,Dalarnas län,6763630.0,401901.0,,Malung,Manuell kartering - satellit,Granskad - God,,94.0,2018-11-12,0.0,5009678.95435,17774.489993799998,https://kartor.skogsstyrelsen.se/kartorapp/?startapp=skogligagrunddata&x=6763630&y=401901&scale=37502.2872&bg=KARTA,,,3.0,,,,,
94,,Skogsstyrelsen,48.0,Gävleborgs län,6832388.0,484205.0,,Ljusdal,Manuell kartering - satellit,Granskad - God,,95.0,2018-11-12,0.0,484793.962158,3244.09667634,https://kartor.skogsstyrelsen.se/kartorapp/?startapp=skogligagrunddata&x=6832388&y=484205&scale=37502.2872&bg=KARTA,,,3.0,,,,,
95,,Skogsstyrelsen,18.0,Örebro län,6656349.0,497023.0,,Ljusnarsberg,Manuell kartering - satellit,Granskad - God,,96.0,2018-11-12,0.0,175238.06298800002,2273.73497872,https://kartor.skogsstyrelsen.se/kartorapp/?startapp=skogligagrunddata&x=6656349&y=497023&scale=37502.2872&bg=KARTA,,,2.0,,,,,
96,,Skogsstyrelsen,11.0,Örebro län,6655304.0,495753.0,,Ljusnarsberg,Manuell kartering - satellit,Granskad - God,,97.0,2018-11-12,0.0,105456.171387,2360.66345494,https://kartor.skogsstyrelsen.se/kartorapp/?startapp=skogligagrunddata&x=6655304&y=495753&scale=37502.2872&bg=KARTA,,,2.0,,,,,
97,,Skogsstyrelsen,30.0,Örebro län,6652809.0,496715.0,,Ljusnarsberg,Manuell kartering - satellit,Granskad - God,,98.0,2018-11-12,0.0,297001.535889,5025.26434309,https://kartor.skogsstyrelsen.se/kartorapp/?startapp=skogligagrunddata&x=6652809&y=496715&scale=37502.2872&bg=KARTA,,,2.0,,,,,
98,,Skogsstyrelsen,88.0,Västerbottens län,7175755.0,631677.0,,Lycksele,Manuell kartering - satellit,Granskad - God,ny kartering av Copernicus polygon,99.0,2018-11-12,0.0,880100.71875,5905.00291768,https://kartor.skogsstyrelsen.se/kartorapp/?startapp=skogligagrunddata&x=7175755&y=631677&scale=37502.2872&bg=KARTA,,,4.0,,,,,
99,,Skogsstyrelsen,22.0,Norrbottens län,7426849.0,703711.0,,Jokkmokk,Manuell kartering - satellit,Granskad - God,ny kartering av Copernicus polygon,100.0,2018-11-12,0.0,221833.14355500002,2046.15831615,https://kartor.skogsstyrelsen.se/kartorapp/?startapp=skogligagrunddata&x=7426849&y=703711&scale=37502.2872&bg=KARTA,,,5.0,,,,,
100,,Skogsstyrelsen,3.0,Västerbottens län,7205695.0,578832.0,,Vilhelmina,Manuell kartering - satellit,Granskad - God,ny kartering av Copernicus-polygon -- med stor sannoliket naturvårdsbränning,101.0,2018-11-12,0.0,32146.9226074,782.956429579,https://kartor.skogsstyrelsen.se/kartorapp/?startapp=skogligagrunddata&x=7205695&y=578832&scale=37502.2872&bg=KARTA,,,4.0,,,,,
101,,Skogsstyrelsen,6.0,Västerbottens län,7206386.0,578433.0,,Vilhelmina,Manuell kartering - satellit,Granskad - God,ny kartering av Copernicus-polygon -- med stor sannoliket naturvårdsbränning,102.0,2018-11-12,0.0,55998.755127,1219.62506633,https://kartor.skogsstyrelsen.se/kartorapp/?startapp=skogligagrunddata&x=7206386&y=578433&scale=37502.2872&bg=KARTA,,,4.0,,,,,
102,,Skogsstyrelsen,2.0,Västerbottens län,7206226.0,578093.0,,Vilhelmina,Manuell kartering - satellit,Granskad - God,ny kartering av Copernicus-polygon -- med stor sannoliket naturvårdsbränning,103.0,2018-11-12,0.0,22280.3066406,1066.68277693,https://kartor.skogsstyrelsen.se/kartorapp/?startapp=skogligagrunddata&x=7206226&y=578093&scale=37502.2872&bg=KARTA,,,4.0,,,,,
103,,Skogsstyrelsen,62.0,Västerbottens län,7136794.0,641112.0,,Åsele,Manuell kartering - satellit,Granskad - God,ny kartering av Copernicus polygon,104.0,2018-11-12,0.0,621401.20166,5372.47494463,https://kartor.skogsstyrelsen.se/kartorapp/?startapp=skogligagrunddata&x=7136794&y=641112&scale=37502.2872&bg=KARTA,,,4.0,,,,,
104,,Skogsstyrelsen,77.0,Västerbottens län,7226253.0,664522.0,,Malå,Manuell kartering - satellit,Granskad - God,ny kartering av copernicus polygon,105.0,2018-11-12,0.0,771545.461914,5536.43564028,https://kartor.skogsstyrelsen.se/kartorapp/?startapp=skogligagrunddata&x=7226253&y=664522&scale=37502.2872&bg=KARTA,,,4.0,,,,,
105,,Skogsstyrelsen,21.0,Norrbottens län,7499277.0,837115.0,,Pajala,Manuell kartering - satellit,Granskad - God,ny kartering av Copernicus polygon,106.0,2018-11-12,0.0,210269.050781,2092.41050266,https://kartor.skogsstyrelsen.se/kartorapp/?startapp=skogligagrunddata&x=7499277&y=837115&scale=37502.2872&bg=KARTA,,,5.0,,,,,
106,,Skogsstyrelsen,53.0,Västerbottens län,7104782.0,661997.0,,Åsele,Manuell kartering - satellit,Granskad - God,ny kartering av Copernicus polygon,107.0,2018-11-12,0.0,530869.532227,3053.20985182,https://kartor.skogsstyrelsen.se/kartorapp/?startapp=skogligagrunddata&x=7104782&y=661997&scale=37502.2872&bg=KARTA,,,4.0,,,,,
107,,Skogsstyrelsen,13.0,Norrbottens län,7506700.0,840774.0,,Pajala,Manuell kartering - satellit,Granskad - God,ny kartering av Copernicus polygon,108.0,2018-11-12,0.0,133869.837402,1878.80016222,https://kartor.skogsstyrelsen.se/kartorapp/?startapp=skogligagrunddata&x=7506700&y=840774&scale=37502.2872&bg=KARTA,,,5.0,,,,,
108,,Skogsstyrelsen,5.0,Norrbottens län,7375145.0,805141.0,,Boden,Manuell kartering - satellit,Granskad - God,ny kartering av Copernicus polygon,109.0,2018-11-12,0.0,54266.5756836,1036.64783661,https://kartor.skogsstyrelsen.se/kartorapp/?startapp=skogligagrunddata&x=7375145&y=805141&scale=37502.2872&bg=KARTA,,,5.0,,,,,
109,,Skogsstyrelsen,22.0,Norrbottens län,7374783.0,805691.0,,Boden,Manuell kartering - satellit,Granskad - God,ny kartering av Copernicus polygon,110.0,2018-11-12,0.0,218998.52831999998,2110.78724544,https://kartor.skogsstyrelsen.se/kartorapp/?startapp=skogligagrunddata&x=7374783&y=805691&scale=37502.2872&bg=KARTA,,,5.0,,,,,
110,,Skogsstyrelsen,3.0,Norrbottens län,7362400.0,804293.0,,Boden,Manuell kartering - satellit,Granskad - God,ny kartering av Copernicus polygon,111.0,2018-11-12,0.0,32201.246093799997,946.2981948539999,https://kartor.skogsstyrelsen.se/kartorapp/?startapp=skogligagrunddata&x=7362400&y=804293&scale=37502.2872&bg=KARTA,,,5.0,,,,,
111,,Skogsstyrelsen,0.0,Kronobergs län,6314984.0,545195.0,,Uppvidinge,Manuell kartering - satellit,Granskad - God,"väldigt svagt bränt, svårt att se",112.0,2018-11-12,0.0,2808.52294922,237.227195005,https://kartor.skogsstyrelsen.se/kartorapp/?startapp=skogligagrunddata&x=6314984&y=545195&scale=37502.2872&bg=KARTA,,,1.0,,,,,
112,,Skogsstyrelsen,2.0,Kalmar län,6335605.0,558415.0,,Högsby,Manuell kartering - satellit,Granskad - God,,113.0,2018-11-12,0.0,17800.0058594,641.384394447,https://kartor.skogsstyrelsen.se/kartorapp/?startapp=skogligagrunddata&x=6335605&y=558415&scale=37502.2872&bg=KARTA,,,1.0,,,,,
113,,Skogsstyrelsen,0.0,Kalmar län,6338503.0,565601.0,,Högsby,Manuell kartering - satellit,Granskad - God,svagt bränt,114.0,2018-11-12,0.0,2019.94262695,165.361206139,https://kartor.skogsstyrelsen.se/kartorapp/?startapp=skogligagrunddata&x=6338503&y=565601&scale=37502.2872&bg=KARTA,,,1.0,,,,,
114,,Skogsstyrelsen,0.0,Kronobergs län,6318395.0,521147.0,,Uppvidinge,Manuell kartering - satellit,Granskad - God,svag brand,115.0,2018-11-12,0.0,2121.92358398,172.178485003,https://kartor.skogsstyrelsen.se/kartorapp/?startapp=skogligagrunddata&x=6318395&y=521147&scale=37502.2872&bg=KARTA,,,1.0,,,,,
115,,Skogsstyrelsen,2.0,Kronobergs län,6334471.0,510515.0,,Uppvidinge,Manuell kartering - satellit,Granskad - God,,116.0,2018-11-12,0.0,19395.9980469,629.732530565,https://kartor.skogsstyrelsen.se/kartorapp/?startapp=skogligagrunddata&x=6334471&y=510515&scale=37502.2872&bg=KARTA,,,1.0,,,,,
116,,Skogsstyrelsen,0.0,Kalmar län,6333972.0,577170.0,,Mönsterås,Manuell kartering - satellit,Granskad - God,,117.0,2018-11-12,0.0,2686.45410156,204.051312859,https://kartor.skogsstyrelsen.se/kartorapp/?startapp=skogligagrunddata&x=6333972&y=577170&scale=37502.2872&bg=KARTA,,,1.0,,,,,
117,,Skogsstyrelsen,0.0,Kalmar län,6355460.0,577052.0,,Oskarshamn,Manuell kartering - satellit,Granskad - God,,118.0,2018-11-12,0.0,1328.27587891,133.848550165,https://kartor.skogsstyrelsen.se/kartorapp/?startapp=skogligagrunddata&x=6355460&y=577052&scale=37502.2872&bg=KARTA,,,1.0,,,,,
118,,Skogsstyrelsen,0.0,Blekinge län,6240754.0,553916.0,,Karlskrona,Manuell kartering - satellit,Granskad - God,,119.0,2018-11-12,0.0,2977.63208008,211.79342624400002,https://kartor.skogsstyrelsen.se/kartorapp/?startapp=skogligagrunddata&x=6240754&y=553916&scale=37502.2872&bg=KARTA,,,1.0,,,,,
119,,Skogsstyrelsen,1.0,Blekinge län,6254430.0,538219.0,,Karlskrona,Manuell kartering - satellit,Granskad - God,,120.0,2018-11-12,0.0,14914.234375,486.944229059,https://kartor.skogsstyrelsen.se/kartorapp/?startapp=skogligagrunddata&x=6254430&y=538219&scale=37502.2872&bg=KARTA,,,1.0,,,,,
120,,Skogsstyrelsen,0.0,Blekinge län,6231093.0,526930.0,,Ronneby,Manuell kartering - satellit,Granskad - God,svag brand,121.0,2018-11-12,0.0,2856.11157227,224.658210401,https://kartor.skogsstyrelsen.se/kartorapp/?startapp=skogligagrunddata&x=6231093&y=526930&scale=37502.2872&bg=KARTA,,,1.0,,,,,
121,,Skogsstyrelsen,2.0,Blekinge län,6248740.0,513927.0,,Ronneby,Manuell kartering - satellit,Granskad - God,,122.0,2018-11-12,0.0,17140.5002441,553.741431352,https://kartor.skogsstyrelsen.se/kartorapp/?startapp=skogligagrunddata&x=6248740&y=513927&scale=37502.2872&bg=KARTA,,,1.0,,,,,
122,,Skogsstyrelsen,16.0,Kronobergs län,6303240.0,526381.0,,Lessebo,Manuell kartering - satellit,Granskad - God,ny kartering av Copernicus polygon,123.0,2018-11-12,0.0,160971.65673800002,1964.68996354,https://kartor.skogsstyrelsen.se/kartorapp/?startapp=skogligagrunddata&x=6303240&y=526381&scale=37502.2872&bg=KARTA,,,1.0,,,,,
123,,Skogsstyrelsen,91.0,Norrbottens län,7306517.0,682043.0,,Arvidsjaur,Manuell kartering - satellit,Granskad - God,ny kartering av Copernicus polygon,124.0,2018-11-12,0.0,907849.638184,4557.36881767,https://kartor.skogsstyrelsen.se/kartorapp/?startapp=skogligagrunddata&x=7306517&y=682043&scale=37502.2872&bg=KARTA,-1.0,,5.0,5.0,,,,
124,,Skogsstyrelsen,45.0,Västernorrlands län,7090541.0,649406.0,,Örnsköldsvik,Manuell kartering - satellit,Granskad - God,ny kartering av Copernicus polygon,125.0,2018-11-12,0.0,447240.47558599996,3304.66875257,https://kartor.skogsstyrelsen.se/kartorapp/?startapp=skogligagrunddata&x=7090541&y=649406&scale=37502.2872&bg=KARTA,,,4.0,,,,,
125,,Skogsstyrelsen,13.0,Norrbottens län,7396285.0,815625.0,,Gällivare,Manuell kartering - satellit,Granskad - God,ny kartering av Copernicus polygon,126.0,2018-11-12,0.0,131994.769531,1569.09013135,https://kartor.skogsstyrelsen.se/kartorapp/?startapp=skogligagrunddata&x=7396285&y=815625&scale=37502.2872&bg=KARTA,,,5.0,,,,,
126,,Skogsstyrelsen,4.0,Norrbottens län,7396721.0,815510.0,,Gällivare,Manuell kartering - satellit,Granskad - God,ny kartering av Copernicus polygon,127.0,2018-11-12,0.0,44783.8896484,849.684138531,https://kartor.skogsstyrelsen.se/kartorapp/?startapp=skogligagrunddata&x=7396721&y=815510&scale=37502.2872&bg=KARTA,,,5.0,,,,,
127,,Skogsstyrelsen,18.0,Västernorrlands län,6924929.0,510570.0,,Ånge,Manuell kartering - satellit,Granskad - God,ny kartering av Copernicus polygon,128.0,2018-11-12,0.0,183594.36377,2292.11850281,https://kartor.skogsstyrelsen.se/kartorapp/?startapp=skogligagrunddata&x=6924929&y=510570&scale=37502.2872&bg=KARTA,,,3.0,,,,,
128,,Skogsstyrelsen,7.0,Kronobergs län,6337885.0,516798.0,,Uppvidinge,Manuell kartering - satellit,Granskad - God,ny kartering av Copernicus polygon,129.0,2018-11-12,0.0,65345.2416992,1036.84110703,https://kartor.skogsstyrelsen.se/kartorapp/?startapp=skogligagrunddata&x=6337885&y=516798&scale=37502.2872&bg=KARTA,,,1.0,,,,,
129,,Skogsstyrelsen,28.0,Kalmar län,6369859.0,571743.0,,Oskarshamn,Manuell kartering - satellit,Granskad - God,ny kartering av Copernicus polygon,130.0,2018-11-12,0.0,281788.476074,2757.80135323,https://kartor.skogsstyrelsen.se/kartorapp/?startapp=skogligagrunddata&x=6369859&y=571743&scale=37502.2872&bg=KARTA,,,1.0,,,,,
130,,Skogsstyrelsen,146.0,Norrbottens län,7474821.0,739560.0,,Gällivare,Manuell kartering - satellit,Granskad - God,ny kartering av Copernicus polygon,131.0,2018-11-12,0.0,1460436.81689,5503.36638146,https://kartor.skogsstyrelsen.se/kartorapp/?startapp=skogligagrunddata&x=7474821&y=739560&scale=37502.2872&bg=KARTA,-1.0,,5.0,5.0,,,,
131,,Skogsstyrelsen,9.0,Västerbottens län,7116704.0,713520.0,,Vindeln,Manuell kartering - satellit,Granskad - God,ny kartering av Copernicus polygon,132.0,2018-11-12,0.0,89399.1000977,1282.05017779,https://kartor.skogsstyrelsen.se/kartorapp/?startapp=skogligagrunddata&x=7116704&y=713520&scale=37502.2872&bg=KARTA,,,4.0,,,,,
132,Norrmossaflon,Skogsstyrelsen,99.0,Västernorrlands län,7019008.0,590498.0,,Sollefteå,Manuell kartering - satellit,Granskad - God,ny kartering av Copernicus polygon - väldigt svårt att se!,133.0,2018-11-12,0.0,985677.876709,6141.00527393,https://kartor.skogsstyrelsen.se/kartorapp/?startapp=skogligagrunddata&x=7019008&y=590498&scale=37502.2872&bg=KARTA,,,4.0,,,,,
133,Brattsjö,Skogsstyrelsen,468.0,Västernorrlands län,7053895.0,640674.0,,Örnsköldsvik,Manuell kartering - satellit,Granskad - God,ny kartering av Copernicus polygon med mindre justeringar,134.0,2018-11-12,0.0,4677141.9375,11996.730229,https://kartor.skogsstyrelsen.se/kartorapp/?startapp=skogligagrunddata&x=7053895&y=640674&scale=37502.2872&bg=KARTA,,,4.0,,,,,
134,Möckelsjöberget,Skogsstyrelsen,113.0,Västernorrlands län,6960184.0,646648.0,,Härnösand,Manuell kartering - satellit,Granskad - God,ny kartering av Metria polygon,135.0,2018-11-12,0.0,1132246.90918,8384.73731191,https://kartor.skogsstyrelsen.se/kartorapp/?startapp=skogligagrunddata&x=6960184&y=646648&scale=37502.2872&bg=KARTA,,,3.0,,,,,
135,,Skogsstyrelsen,40.0,Norrbottens län,7322958.0,747596.0,,Älvsbyn,Manuell kartering - satellit,Granskad - God,ny kartering av Metria polygon,136.0,2018-11-12,0.0,400395.963379,2724.78764764,https://kartor.skogsstyrelsen.se/kartorapp/?startapp=skogligagrunddata&x=7322958&y=747596&scale=37502.2872&bg=KARTA,,,5.0,,,,,
136,,Skogsstyrelsen,51.0,Norrbottens län,7380131.0,859943.0,,Överkalix,Manuell kartering - satellit,Granskad - God,ny kartering av Metria polygon med mindre justeringar,137.0,2018-11-12,0.0,511884.29003900004,4529.27188409,https://kartor.skogsstyrelsen.se/kartorapp/?startapp=skogligagrunddata&x=7380131&y=859943&scale=37502.2872&bg=KARTA,-1.0,,5.0,5.0,,,,
137,,Skogsstyrelsen,353.0,Norrbottens län,7391294.0,730743.0,,Jokkmokk,Manuell kartering - satellit,Granskad - God,ny kartering av Metria polygon med mindre justeringar,138.0,2018-11-12,0.0,3526558.7656300007,11806.5140237,https://kartor.skogsstyrelsen.se/kartorapp/?startapp=skogligagrunddata&x=7391294&y=730743&scale=37502.2872&bg=KARTA,-1.0,,5.0,5.0,,,,
138,,Skogsstyrelsen,1.0,Norrbottens län,7390892.0,730267.0,,Jokkmokk,Manuell kartering - satellit,Granskad - God,ny kartering av Metria polygon med mindre justeringar,139.0,2018-11-12,0.0,12891.968261700002,509.30990702300005,https://kartor.skogsstyrelsen.se/kartorapp/?startapp=skogligagrunddata&x=7390892&y=730267&scale=37502.2872&bg=KARTA,,,5.0,,,,,
139,,Skogsstyrelsen,25.0,Norrbottens län,7416040.0,836868.0,,Överkalix,Manuell kartering - satellit,Granskad - God,ny kartering av Metria polygon med mindre justeringar,140.0,2018-11-12,0.0,251888.70654299998,2430.38512504,https://kartor.skogsstyrelsen.se/kartorapp/?startapp=skogligagrunddata&x=7416040&y=836868&scale=37502.2872&bg=KARTA,,,5.0,,,,,
140,,Skogsstyrelsen,16.0,Örebro län,6588054.0,503222.0,,Örebro,Manuell kartering - satellit,Granskad - God,ny kartering av Metria polygon,141.0,2018-11-12,0.0,157802.892334,2357.22262566,https://kartor.skogsstyrelsen.se/kartorapp/?startapp=skogligagrunddata&x=6588054&y=503222&scale=37502.2872&bg=KARTA,,,2.0,,,,,
141,,Skogsstyrelsen,111.0,Norrbottens län,7324600.0,729583.0,,Jokkmokk,Manuell kartering - satellit,Granskad - God,ny kartering av Metria polygon med mindre justeringar,142.0,2018-11-12,0.0,1111543.53906,5712.23067132,https://kartor.skogsstyrelsen.se/kartorapp/?startapp=skogligagrunddata&x=7324600&y=729583&scale=37502.2872&bg=KARTA,-1.0,,5.0,5.0,,,,
142,,Skogsstyrelsen,15.0,Norrbottens län,7426121.0,848245.0,,Pajala,Manuell kartering - satellit,Granskad - God,ny kartering av Metria polygon med mindre justeringar,143.0,2018-11-12,0.0,151035.757324,1610.72164479,https://kartor.skogsstyrelsen.se/kartorapp/?startapp=skogligagrunddata&x=7426121&y=848245&scale=37502.2872&bg=KARTA,,,5.0,,,,,
143,,Skogsstyrelsen,19.0,Norrbottens län,7514500.0,856729.0,,Pajala,Manuell kartering - satellit,Granskad - God,ny kartering av Copernicus polygon,144.0,2018-11-12,0.0,186926.34130899998,1654.63677122,https://kartor.skogsstyrelsen.se/kartorapp/?startapp=skogligagrunddata&x=7514500&y=856729&scale=37502.2872&bg=KARTA,,,5.0,,,,,
144,,Skogsstyrelsen,74.0,Norrbottens län,7455404.0,833007.0,,Pajala,Manuell kartering - satellit,Granskad - God,ny kartering av Copernicus polygon,145.0,2018-11-12,0.0,743092.010742,3934.80264418,https://kartor.skogsstyrelsen.se/kartorapp/?startapp=skogligagrunddata&x=7455404&y=833007&scale=37502.2872&bg=KARTA,-1.0,,5.0,5.0,,,,
145,,Skogsstyrelsen,4.0,Kalmar län,6382753.0,578090.0,,Västervik,Manuell kartering - satellit,Granskad - God,ny kartering av Copernicus polygon,146.0,2018-11-12,0.0,42465.1586914,1263.3352293,https://kartor.skogsstyrelsen.se/kartorapp/?startapp=skogligagrunddata&x=6382753&y=578090&scale=37502.2872&bg=KARTA,,,1.0,,,,,
146,,Skogsstyrelsen,15.0,Norrbottens län,7430624.0,854358.0,,Pajala,Manuell kartering - satellit,Granskad - God,ny kartering av Copernicus polygon,147.0,2018-11-12,0.0,146754.199707,1992.33414058,https://kartor.skogsstyrelsen.se/kartorapp/?startapp=skogligagrunddata&x=7430624&y=854358&scale=37502.2872&bg=KARTA,,,5.0,,,,,
147,,Skogsstyrelsen,1.0,Västerbottens län,7079838.0,715972.0,,Nordmaling,Manuell kartering - satellit,Granskad - God,ny kartering av Metria polygon,148.0,2018-11-12,0.0,7545.12109375,324.387015671,https://kartor.skogsstyrelsen.se/kartorapp/?startapp=skogligagrunddata&x=7079838&y=715972&scale=37502.2872&bg=KARTA,,,4.0,,,,,
148,,Skogsstyrelsen,43.0,Västerbottens län,7079091.0,716996.0,,Nordmaling,Manuell kartering - satellit,Granskad - God,,149.0,2018-11-12,0.0,432276.22802700003,3738.80760399,https://kartor.skogsstyrelsen.se/kartorapp/?startapp=skogligagrunddata&x=7079091&y=716996&scale=37502.2872&bg=KARTA,,,4.0,,,,,
149,Broddbo,Skogsstyrelsen,63.0,Västmanlands län,6650994.0,583873.0,,Sala,Manuell kartering - satellit,Granskad - God,ny kartering av Copernicus polygon,150.0,2018-11-12,0.0,634598.637939,3994.54055873,https://kartor.skogsstyrelsen.se/kartorapp/?startapp=skogligagrunddata&x=6650994&y=583873&scale=37502.2872&bg=KARTA,,,2.0,,,,,
150,Rörbo,Skogsstyrelsen,40.0,Västmanlands län,6634811.0,571593.0,,Sala,Manuell kartering - satellit,Granskad - God,ny kartering av Copernicus polygon,151.0,2018-11-12,0.0,397201.155273,2822.09301852,https://kartor.skogsstyrelsen.se/kartorapp/?startapp=skogligagrunddata&x=6634811&y=571593&scale=37502.2872&bg=KARTA,,,2.0,,,,,
151,,Skogsstyrelsen,179.0,Värmlands län,6680810.0,416503.0,,Hagfors,Manuell kartering - satellit,Granskad - God,ny kartering av Copernicus polygon,152.0,2018-11-12,0.0,1790870.2678200004,5706.57109147,https://kartor.skogsstyrelsen.se/kartorapp/?startapp=skogligagrunddata&x=6680810&y=416503&scale=37502.2872&bg=KARTA,,,2.0,,,,,
152,Rullbo,Skogsstyrelsen,36.0,Gävleborgs län,6847676.0,490812.0,,Ljusdal,Manuell kartering - satellit,Granskad - God,ny kartering av Metria polygon,153.0,2018-11-12,0.0,358186.847412,3246.94334375,https://kartor.skogsstyrelsen.se/kartorapp/?startapp=skogligagrunddata&x=6847676&y=490812&scale=37502.2872&bg=KARTA,,,3.0,,,,,
153,,Skogsstyrelsen,3.0,Norrbottens län,7475161.0,820368.0,,Pajala,Manuell kartering - satellit,Granskad - God,,154.0,2018-11-12,0.0,32009.404296900004,826.972009521,https://kartor.skogsstyrelsen.se/kartorapp/?startapp=skogligagrunddata&x=7475161&y=820368&scale=37502.2872&bg=KARTA,,,5.0,,,,,
154,,Skogsstyrelsen,25.0,Norrbottens län,7482050.0,809043.0,,Pajala,Manuell kartering - satellit,Granskad - God,,155.0,2018-11-12,0.0,250232.72607399998,4079.57411161,https://kartor.skogsstyrelsen.se/kartorapp/?startapp=skogligagrunddata&x=7482050&y=809043&scale=37502.2872&bg=KARTA,,,5.0,,,,,
155,,Skogsstyrelsen,5.0,Norrbottens län,7357636.0,801767.0,,Boden,Manuell kartering - satellit,Granskad - God,,156.0,2018-11-12,0.0,51794.9736328,989.5341868060001,https://kartor.skogsstyrelsen.se/kartorapp/?startapp=skogligagrunddata&x=7357636&y=801767&scale=37502.2872&bg=KARTA,,,5.0,,,,,
156,,Skogsstyrelsen,0.0,Västernorrlands län,6993782.0,629092.0,,Kramfors,Manuell kartering - satellit,Granskad - God,,157.0,2018-11-12,0.0,4067.46582031,255.968217238,https://kartor.skogsstyrelsen.se/kartorapp/?startapp=skogligagrunddata&x=6993782&y=629092&scale=37502.2872&bg=KARTA,,,4.0,,,,,
157,,Skogsstyrelsen,5.0,Jämtlands län,6939971.0,482213.0,,Berg,Manuell kartering - satellit,Granskad - God,,158.0,2018-11-12,0.0,48320.1066895,823.759645103,https://kartor.skogsstyrelsen.se/kartorapp/?startapp=skogligagrunddata&x=6939971&y=482213&scale=37502.2872&bg=KARTA,,,3.0,,,,,
158,,Skogsstyrelsen,3.0,Jämtlands län,6880445.0,448687.0,,Härjedalen,Manuell kartering - satellit,Granskad - God,,159.0,2018-11-12,0.0,25175.5715332,789.36830542,https://kartor.skogsstyrelsen.se/kartorapp/?startapp=skogligagrunddata&x=6880445&y=448687&scale=37502.2872&bg=KARTA,,,3.0,,,,,
159,,Skogsstyrelsen,1.0,Gävleborgs län,6876181.0,546120.0,,Ljusdal,Manuell kartering - satellit,Granskad - God,,160.0,2018-11-12,0.0,10347.425781299999,511.29135887,https://kartor.skogsstyrelsen.se/kartorapp/?startapp=skogligagrunddata&x=6876181&y=546120&scale=37502.2872&bg=KARTA,,,3.0,,,,,
160,,Skogsstyrelsen,22.0,Gävleborgs län,6846021.0,479325.0,,Ljusdal,Manuell kartering - satellit,Granskad - God,,161.0,2018-11-12,0.0,220920.56591799998,2332.49070896,https://kartor.skogsstyrelsen.se/kartorapp/?startapp=skogligagrunddata&x=6846021&y=479325&scale=37502.2872&bg=KARTA,,,3.0,,,,,
161,Tovåsen,Skogsstyrelsen,344.0,Gävleborgs län,6832634.0,524331.0,,Ljusdal,Manuell kartering - satellit,Granskad - God,Tovåsen justerad,162.0,2018-11-12,0.0,3439424.4196800007,13560.8831236,https://kartor.skogsstyrelsen.se/kartorapp/?startapp=skogligagrunddata&x=6832634&y=524331&scale=37502.2872&bg=KARTA,,,3.0,,,,,
162,,Skogsstyrelsen,4.0,Dalarnas län,6844696.0,377610.0,,Älvdalen,Manuell kartering - satellit,Granskad - God,,163.0,2018-11-12,0.0,42856.095459,916.4049341030001,https://kartor.skogsstyrelsen.se/kartorapp/?startapp=skogligagrunddata&x=6844696&y=377610&scale=37502.2872&bg=KARTA,,,3.0,,,,,
163,,Skogsstyrelsen,1.0,Dalarnas län,6875643.0,369423.0,,Älvdalen,Manuell kartering - satellit,Granskad - God,,164.0,2018-11-12,0.0,9405.02099609,421.315267434,https://kartor.skogsstyrelsen.se/kartorapp/?startapp=skogligagrunddata&x=6875643&y=369423&scale=37502.2872&bg=KARTA,,,3.0,,,,,
164,,Skogsstyrelsen,0.0,Dalarnas län,6750566.0,442601.0,,Mora,Manuell kartering - satellit,Granskad - God,,165.0,2018-11-12,0.0,4545.11108398,275.52616318599996,https://kartor.skogsstyrelsen.se/kartorapp/?startapp=skogligagrunddata&x=6750566&y=442601&scale=37502.2872&bg=KARTA,,,3.0,,,,,
165,,Skogsstyrelsen,15.0,Gävleborgs län,6785498.0,549983.0,,Ovanåker,Manuell kartering - satellit,Granskad - God,,166.0,2018-11-12,0.0,151821.82153299998,1758.36708283,https://kartor.skogsstyrelsen.se/kartorapp/?startapp=skogligagrunddata&x=6785498&y=549983&scale=37502.2872&bg=KARTA,,,3.0,,,,,
166,,Skogsstyrelsen,0.0,Gävleborgs län,6791394.0,547832.0,,Ovanåker,Manuell kartering - satellit,Granskad - God,,167.0,2018-11-12,0.0,1280.49414063,133.255045798,https://kartor.skogsstyrelsen.se/kartorapp/?startapp=skogligagrunddata&x=6791394&y=547832&scale=37502.2872&bg=KARTA,,,3.0,,,,,
167,,Skogsstyrelsen,1.0,Gävleborgs län,6824663.0,529215.0,,Ovanåker,Manuell kartering - satellit,Granskad - God,,168.0,2018-11-12,0.0,7306.23876953,320.360690612,https://kartor.skogsstyrelsen.se/kartorapp/?startapp=skogligagrunddata&x=6824663&y=529215&scale=37502.2872&bg=KARTA,,,3.0,,,,,
168,,Skogsstyrelsen,0.0,Dalarnas län,6785818.0,481231.0,,Orsa,Manuell kartering - satellit,Granskad - God,,169.0,2018-11-12,0.0,2216.90820313,216.80007904400003,https://kartor.skogsstyrelsen.se/kartorapp/?startapp=skogligagrunddata&x=6785818&y=481231&scale=37502.2872&bg=KARTA,,,3.0,,,,,
169,,Skogsstyrelsen,1.0,Dalarnas län,6791971.0,517157.0,,Rättvik,Manuell kartering - satellit,Granskad - God,,170.0,2018-11-12,0.0,14715.5686035,571.4776642530001,https://kartor.skogsstyrelsen.se/kartorapp/?startapp=skogligagrunddata&x=6791971&y=517157&scale=37502.2872&bg=KARTA,,,3.0,,,,,
170,,Skogsstyrelsen,5.0,Dalarnas län,6801775.0,389005.0,,Malung,Manuell kartering - satellit,Granskad - God,,171.0,2018-11-12,0.0,52890.138427699996,1175.76191056,https://kartor.skogsstyrelsen.se/kartorapp/?startapp=skogligagrunddata&x=6801775&y=389005&scale=37502.2872&bg=KARTA,,,3.0,,,,,
171,,Skogsstyrelsen,0.0,Dalarnas län,6798577.0,407920.0,,Malung,Manuell kartering - satellit,Granskad - God,,172.0,2018-11-12,0.0,2651.66943359,198.26097355,https://kartor.skogsstyrelsen.se/kartorapp/?startapp=skogligagrunddata&x=6798577&y=407920&scale=37502.2872&bg=KARTA,,,3.0,,,,,
172,,Skogsstyrelsen,4.0,Dalarnas län,6782966.0,388338.0,,Malung,Manuell kartering - satellit,Granskad - God,,173.0,2018-11-12,0.0,42074.244384800004,840.755462573,https://kartor.skogsstyrelsen.se/kartorapp/?startapp=skogligagrunddata&x=6782966&y=388338&scale=37502.2872&bg=KARTA,,,3.0,,,,,
173,,Skogsstyrelsen,4.0,Värmlands län,6725700.0,392691.0,,Torsby,Manuell kartering - satellit,Granskad - God,,174.0,2018-11-12,0.0,36005.3989258,941.609862799,https://kartor.skogsstyrelsen.se/kartorapp/?startapp=skogligagrunddata&x=6725700&y=392691&scale=37502.2872&bg=KARTA,,,2.0,,,,,
174,,Skogsstyrelsen,1.0,Uppsala län,6693589.0,656191.0,,Tierp,Manuell kartering - satellit,Granskad - God,,175.0,2018-11-12,0.0,11653.3894043,423.315298798,https://kartor.skogsstyrelsen.se/kartorapp/?startapp=skogligagrunddata&x=6693589&y=656191&scale=37502.2872&bg=KARTA,,,2.0,,,,,
175,,Skogsstyrelsen,1.0,Uppsala län,6686060.0,639045.0,,Tierp,Manuell kartering - satellit,Granskad - God,,176.0,2018-11-12,0.0,12747.0109863,426.89468914400004,https://kartor.skogsstyrelsen.se/kartorapp/?startapp=skogligagrunddata&x=6686060&y=639045&scale=37502.2872&bg=KARTA,,,2.0,,,,,
176,,Skogsstyrelsen,2.0,Uppsala län,6671106.0,661210.0,,Östhammar,Manuell kartering - satellit,Granskad - God,ca 830 m från händelse,177.0,2018-11-12,0.0,22892.3491211,579.4270029840001,https://kartor.skogsstyrelsen.se/kartorapp/?startapp=skogligagrunddata&x=6671106&y=661210&scale=37502.2872&bg=KARTA,,,2.0,,,,,
177,,Skogsstyrelsen,1.0,Uppsala län,6671669.0,672964.0,,Östhammar,Manuell kartering - satellit,Granskad - God,,178.0,2018-11-12,0.0,7257.84472656,336.538091703,https://kartor.skogsstyrelsen.se/kartorapp/?startapp=skogligagrunddata&x=6671669&y=672964&scale=37502.2872&bg=KARTA,,,2.0,,,,,
178,,Skogsstyrelsen,2.0,Värmlands län,6647109.0,417394.0,,Hagfors,Manuell kartering - satellit,Granskad - God,,179.0,2018-11-12,0.0,15702.0610352,661.609178207,https://kartor.skogsstyrelsen.se/kartorapp/?startapp=skogligagrunddata&x=6647109&y=417394&scale=37502.2872&bg=KARTA,,,2.0,,,,,
179,,Skogsstyrelsen,2.0,Dalarnas län,6670816.0,469355.0,,Ludvika,Manuell kartering - satellit,Granskad - God,,180.0,2018-11-12,0.0,15256.409668,655.430922589,https://kartor.skogsstyrelsen.se/kartorapp/?startapp=skogligagrunddata&x=6670816&y=469355&scale=37502.2872&bg=KARTA,,,2.0,,,,,
180,,Skogsstyrelsen,6.0,Dalarnas län,6678146.0,506200.0,,Ludvika,Manuell kartering - satellit,Granskad - God,,181.0,2018-11-12,0.0,57922.3640137,975.141396635,https://kartor.skogsstyrelsen.se/kartorapp/?startapp=skogligagrunddata&x=6678146&y=506200&scale=37502.2872&bg=KARTA,,,2.0,,,,,
181,,Skogsstyrelsen,0.0,Dalarnas län,6680902.0,511850.0,,Ludvika,Manuell kartering - satellit,Granskad - God,,182.0,2018-11-12,0.0,3270.50244141,249.359666875,https://kartor.skogsstyrelsen.se/kartorapp/?startapp=skogligagrunddata&x=6680902&y=511850&scale=37502.2872&bg=KARTA,,,2.0,,,,,
182,,Skogsstyrelsen,2.0,Dalarnas län,6671350.0,570833.0,,Avesta,Manuell kartering - satellit,Granskad - God,,183.0,2018-11-12,0.0,16205.848632799998,543.402354376,https://kartor.skogsstyrelsen.se/kartorapp/?startapp=skogligagrunddata&x=6671350&y=570833&scale=37502.2872&bg=KARTA,,,2.0,,,,,
183,,Skogsstyrelsen,0.0,Stockholms län,6633086.0,677989.0,,Norrtälje,Manuell kartering - satellit,Granskad - God,,184.0,2018-11-12,0.0,3398.02636719,240.92444029,https://kartor.skogsstyrelsen.se/kartorapp/?startapp=skogligagrunddata&x=6633086&y=677989&scale=37502.2872&bg=KARTA,,,2.0,,,,,
184,,Skogsstyrelsen,0.0,Uppsala län,6667286.0,603440.0,,Heby,Manuell kartering - satellit,Granskad - God,,185.0,2018-11-12,0.0,1677.3762207,163.625249694,https://kartor.skogsstyrelsen.se/kartorapp/?startapp=skogligagrunddata&x=6667286&y=603440&scale=37502.2872&bg=KARTA,,,2.0,,,,,
185,,Skogsstyrelsen,1.0,Uppsala län,6668462.0,608900.0,,Heby,Manuell kartering - satellit,Granskad - God,"fanns ej med i händelse, bara mindre deil skog",186.0,2018-11-12,0.0,7382.50170898,337.072302323,https://kartor.skogsstyrelsen.se/kartorapp/?startapp=skogligagrunddata&x=6668462&y=608900&scale=37502.2872&bg=KARTA,,,2.0,,,,,
186,,Skogsstyrelsen,0.0,Uppsala län,6648215.0,616883.0,,Heby,Manuell kartering - satellit,Granskad - God,,187.0,2018-11-12,0.0,4282.25927734,266.13107749200003,https://kartor.skogsstyrelsen.se/kartorapp/?startapp=skogligagrunddata&x=6648215&y=616883&scale=37502.2872&bg=KARTA,,,2.0,,,,,
187,,Skogsstyrelsen,0.0,Dalarnas län,6654286.0,528742.0,,Smedjebacken,Manuell kartering - satellit,Granskad - God,,188.0,2018-11-12,0.0,3482.45043945,240.017436017,https://kartor.skogsstyrelsen.se/kartorapp/?startapp=skogligagrunddata&x=6654286&y=528742&scale=37502.2872&bg=KARTA,,,2.0,,,,,
188,,Skogsstyrelsen,1.0,Värmlands län,6663574.0,449714.0,,Filipstad,Manuell kartering - satellit,Granskad - God,"kant mot hygge, inte mkt skog",189.0,2018-11-12,0.0,7580.13964844,526.471183235,https://kartor.skogsstyrelsen.se/kartorapp/?startapp=skogligagrunddata&x=6663574&y=449714&scale=37502.2872&bg=KARTA,,,2.0,,,,,
189,,Skogsstyrelsen,13.0,Värmlands län,6609853.0,452814.0,,Filipstad,Manuell kartering - satellit,Granskad - God,,190.0,2018-11-12,0.0,127645.375977,2075.95875105,https://kartor.skogsstyrelsen.se/kartorapp/?startapp=skogligagrunddata&x=6609853&y=452814&scale=37502.2872&bg=KARTA,,,2.0,,,,,
190,,Skogsstyrelsen,22.0,Värmlands län,6608717.0,449953.0,,Filipstad,Manuell kartering - satellit,Granskad - God,,191.0,2018-11-12,0.0,220577.560059,3571.75582028,https://kartor.skogsstyrelsen.se/kartorapp/?startapp=skogligagrunddata&x=6608717&y=449953&scale=37502.2872&bg=KARTA,,,2.0,,,,,
191,,Skogsstyrelsen,12.0,Värmlands län,6608686.0,448063.0,,Filipstad,Manuell kartering - satellit,Granskad - God,,192.0,2018-11-12,0.0,121464.05981400001,1573.36052349,https://kartor.skogsstyrelsen.se/kartorapp/?startapp=skogligagrunddata&x=6608686&y=448063&scale=37502.2872&bg=KARTA,,,2.0,,,,,
192,,Skogsstyrelsen,10.0,Västmanlands län,6652358.0,587468.0,,Sala,Manuell kartering - satellit,Granskad - God,,193.0,2018-11-12,0.0,95801.6733398,1363.15786772,https://kartor.skogsstyrelsen.se/kartorapp/?startapp=skogligagrunddata&x=6652358&y=587468&scale=37502.2872&bg=KARTA,,,2.0,,,,,
193,,Skogsstyrelsen,6.0,Västmanlands län,6651368.0,587708.0,,Sala,Manuell kartering - satellit,Granskad - God,,194.0,2018-11-12,0.0,59303.1264648,1015.51897301,https://kartor.skogsstyrelsen.se/kartorapp/?startapp=skogligagrunddata&x=6651368&y=587708&scale=37502.2872&bg=KARTA,,,2.0,,,,,
194,,Skogsstyrelsen,2.0,Uppsala län,6641045.0,668882.0,,Uppsala,Manuell kartering - satellit,Granskad - God,,195.0,2018-11-12,0.0,20054.610351599997,596.438326387,https://kartor.skogsstyrelsen.se/kartorapp/?startapp=skogligagrunddata&x=6641045&y=668882&scale=37502.2872&bg=KARTA,,,2.0,,,,,
195,,Skogsstyrelsen,5.0,Uppsala län,6659414.0,656765.0,,Uppsala,Manuell kartering - satellit,Granskad - God,,196.0,2018-11-12,0.0,47822.003662099996,884.650049752,https://kartor.skogsstyrelsen.se/kartorapp/?startapp=skogligagrunddata&x=6659414&y=656765&scale=37502.2872&bg=KARTA,,,2.0,,,,,
196,,Skogsstyrelsen,6.0,Uppsala län,6651940.0,684555.0,,Uppsala,Manuell kartering - satellit,Granskad - God,,197.0,2018-11-12,0.0,58076.0234375,1179.14472808,https://kartor.skogsstyrelsen.se/kartorapp/?startapp=skogligagrunddata&x=6651940&y=684555&scale=37502.2872&bg=KARTA,,,2.0,,,,,
197,,Skogsstyrelsen,1.0,Örebro län,6640848.0,506995.0,,Ljusnarsberg,Manuell kartering - satellit,Granskad - God,,198.0,2018-11-12,0.0,13370.3205566,489.105264239,https://kartor.skogsstyrelsen.se/kartorapp/?startapp=skogligagrunddata&x=6640848&y=506995&scale=37502.2872&bg=KARTA,,,2.0,,,,,
198,,Skogsstyrelsen,1.0,Örebro län,6608592.0,526541.0,,Lindesberg,Manuell kartering - satellit,Granskad - God,,199.0,2018-11-12,0.0,11418.260253899998,407.721101921,https://kartor.skogsstyrelsen.se/kartorapp/?startapp=skogligagrunddata&x=6608592&y=526541&scale=37502.2872&bg=KARTA,,,2.0,,,,,
199,,Skogsstyrelsen,4.0,Örebro län,6608543.0,521393.0,,Lindesberg,Manuell kartering - satellit,Granskad - God,,200.0,2018-11-12,0.0,36452.2531738,759.2868111339999,https://kartor.skogsstyrelsen.se/kartorapp/?startapp=skogligagrunddata&x=6608543&y=521393&scale=37502.2872&bg=KARTA,,,2.0,,,,,
200,,Skogsstyrelsen,5.0,Uppsala län,6613396.0,622296.0,,Enköping,Manuell kartering - satellit,Granskad - God,,201.0,2018-11-12,0.0,52009.7084961,1013.03352311,https://kartor.skogsstyrelsen.se/kartorapp/?startapp=skogligagrunddata&x=6613396&y=622296&scale=37502.2872&bg=KARTA,,,2.0,,,,,
201,,Skogsstyrelsen,0.0,Värmlands län,6597583.0,415907.0,,Forshaga,Manuell kartering - satellit,Granskad - God,,202.0,2018-11-12,0.0,3446.98339844,222.92020642,https://kartor.skogsstyrelsen.se/kartorapp/?startapp=skogligagrunddata&x=6597583&y=415907&scale=37502.2872&bg=KARTA,,,2.0,,,,,
202,,Skogsstyrelsen,10.0,Värmlands län,6591772.0,399655.0,,Karlstad,Manuell kartering - satellit,Granskad - God,,203.0,2018-11-12,0.0,103958.458984,1398.90695644,https://kartor.skogsstyrelsen.se/kartorapp/?startapp=skogligagrunddata&x=6591772&y=399655&scale=37502.2872&bg=KARTA,,,2.0,,,,,
203,,Skogsstyrelsen,8.0,Värmlands län,6608948.0,429141.0,,Karlstad,Manuell kartering - satellit,Granskad - God,,204.0,2018-11-12,0.0,78488.0427246,1867.13895836,https://kartor.skogsstyrelsen.se/kartorapp/?startapp=skogligagrunddata&x=6608948&y=429141&scale=37502.2872&bg=KARTA,,,2.0,,,,,
204,,Skogsstyrelsen,4.0,Värmlands län,6587481.0,350531.0,,Årjäng,Manuell kartering - satellit,Granskad - God,"kant mot hygge, inte mkt skog. 2 händelserapporter för samma brand",205.0,2018-11-12,0.0,38757.8837891,957.674492058,https://kartor.skogsstyrelsen.se/kartorapp/?startapp=skogligagrunddata&x=6587481&y=350531&scale=37502.2872&bg=KARTA,,,2.0,,,,,
205,,Skogsstyrelsen,1.0,Värmlands län,6601276.0,323356.0,,Årjäng,Manuell kartering - satellit,Granskad - God,,206.0,2018-11-12,0.0,8682.26000977,402.82870466,https://kartor.skogsstyrelsen.se/kartorapp/?startapp=skogligagrunddata&x=6601276&y=323356&scale=37502.2872&bg=KARTA,,,2.0,,,,,
206,,Skogsstyrelsen,0.0,Stockholms län,6617956.0,658685.0,,Sigtuna,Manuell kartering - satellit,Granskad - God,,207.0,2018-11-12,0.0,2369.79760742,282.545123067,https://kartor.skogsstyrelsen.se/kartorapp/?startapp=skogligagrunddata&x=6617956&y=658685&scale=37502.2872&bg=KARTA,,,2.0,,,,,
207,,Skogsstyrelsen,2.0,Stockholms län,6622056.0,663277.0,,Sigtuna,Manuell kartering - satellit,Granskad - God,,208.0,2018-11-12,0.0,15453.779052700002,611.429338587,https://kartor.skogsstyrelsen.se/kartorapp/?startapp=skogligagrunddata&x=6622056&y=663277&scale=37502.2872&bg=KARTA,,,2.0,,,,,
208,,Skogsstyrelsen,1.0,Uppsala län,6607245.0,638632.0,,Håbo,Manuell kartering - satellit,Granskad - God,,209.0,2018-11-12,0.0,7017.59350586,324.397297257,https://kartor.skogsstyrelsen.se/kartorapp/?startapp=skogligagrunddata&x=6607245&y=638632&scale=37502.2872&bg=KARTA,,,2.0,,,,,
209,,Skogsstyrelsen,4.0,Örebro län,6592236.0,500825.0,,Nora,Manuell kartering - satellit,Granskad - God,,210.0,2018-11-12,0.0,39154.1176758,910.4117302510001,https://kartor.skogsstyrelsen.se/kartorapp/?startapp=skogligagrunddata&x=6592236&y=500825&scale=37502.2872&bg=KARTA,,,2.0,,,,,
210,,Skogsstyrelsen,1.0,Stockholms län,6614906.0,673952.0,,Vallentuna,Manuell kartering - satellit,Granskad - God,,211.0,2018-11-12,0.0,6179.87744141,361.02214214599996,https://kartor.skogsstyrelsen.se/kartorapp/?startapp=skogligagrunddata&x=6614906&y=673952&scale=37502.2872&bg=KARTA,,,2.0,,,,,
211,,Skogsstyrelsen,1.0,Stockholms län,6614733.0,680377.0,,Vallentuna,Manuell kartering - satellit,Granskad - God,,212.0,2018-11-12,0.0,12440.8549805,676.125711224,https://kartor.skogsstyrelsen.se/kartorapp/?startapp=skogligagrunddata&x=6614733&y=680377&scale=37502.2872&bg=KARTA,,,2.0,,,,,
212,,Skogsstyrelsen,0.0,Värmlands län,6606646.0,407201.0,,Kil,Manuell kartering - satellit,Granskad - God,,213.0,2018-11-12,0.0,1705.80786133,158.726212238,https://kartor.skogsstyrelsen.se/kartorapp/?startapp=skogligagrunddata&x=6606646&y=407201&scale=37502.2872&bg=KARTA,,,2.0,,,,,
213,,Skogsstyrelsen,0.0,Värmlands län,6606386.0,407018.0,,Kil,Manuell kartering - satellit,Granskad - God,,214.0,2018-11-12,0.0,4550.93310547,279.998345513,https://kartor.skogsstyrelsen.se/kartorapp/?startapp=skogligagrunddata&x=6606386&y=407018&scale=37502.2872&bg=KARTA,,,2.0,,,,,
214,,Skogsstyrelsen,14.0,Värmlands län,6608082.0,401067.0,,Kil,Manuell kartering - satellit,Granskad - God,,215.0,2018-11-12,0.0,136765.659424,1968.68432572,https://kartor.skogsstyrelsen.se/kartorapp/?startapp=skogligagrunddata&x=6608082&y=401067&scale=37502.2872&bg=KARTA,,,2.0,,,,,
215,,Skogsstyrelsen,0.0,Stockholms län,6610191.0,701730.0,,Österåker,Manuell kartering - satellit,Granskad - God,,216.0,2018-11-12,0.0,2071.33935547,234.866636564,https://kartor.skogsstyrelsen.se/kartorapp/?startapp=skogligagrunddata&x=6610191&y=701730&scale=37502.2872&bg=KARTA,,,2.0,,,,,
216,,Skogsstyrelsen,0.0,Stockholms län,6609987.0,701796.0,,Österåker,Manuell kartering - satellit,Granskad - God,,217.0,2018-11-12,0.0,3530.53125,259.992580966,https://kartor.skogsstyrelsen.se/kartorapp/?startapp=skogligagrunddata&x=6609987&y=701796&scale=37502.2872&bg=KARTA,,,2.0,,,,,
217,,Skogsstyrelsen,0.0,Stockholms län,6599363.0,662349.0,,Upplands Väsby,Manuell kartering - satellit,Granskad - God,,218.0,2018-11-12,0.0,4363.149658199999,358.359088304,https://kartor.skogsstyrelsen.se/kartorapp/?startapp=skogligagrunddata&x=6599363&y=662349&scale=37502.2872&bg=KARTA,,,2.0,,,,,
218,,Skogsstyrelsen,163.0,Värmlands län,6562245.0,457190.0,,Kristinehamn,Manuell kartering - satellit,Granskad - God,,219.0,2018-11-12,0.0,1625691.7634299996,7159.59046796,https://kartor.skogsstyrelsen.se/kartorapp/?startapp=skogligagrunddata&x=6562245&y=457190&scale=37502.2872&bg=KARTA,,,2.0,,,,,
219,,Skogsstyrelsen,1.0,Södermanlands län,6579907.0,588289.0,,Eskilstuna,Manuell kartering - satellit,Granskad - God,,220.0,2018-11-12,0.0,11122.0124512,501.41786644800004,https://kartor.skogsstyrelsen.se/kartorapp/?startapp=skogligagrunddata&x=6579907&y=588289&scale=37502.2872&bg=KARTA,,,2.0,,,,,
220,,Skogsstyrelsen,0.0,Södermanlands län,6563725.0,578803.0,,Eskilstuna,Manuell kartering - satellit,Granskad - God,,221.0,2018-11-12,0.0,3858.97412109,249.27698981,https://kartor.skogsstyrelsen.se/kartorapp/?startapp=skogligagrunddata&x=6563725&y=578803&scale=37502.2872&bg=KARTA,,,2.0,,,,,
221,,Skogsstyrelsen,1.0,Värmlands län,6569568.0,374817.0,,Säffle,Manuell kartering - satellit,Granskad - God,,222.0,2018-11-12,0.0,7576.77539063,370.26829021699996,https://kartor.skogsstyrelsen.se/kartorapp/?startapp=skogligagrunddata&x=6569568&y=374817&scale=37502.2872&bg=KARTA,,,2.0,,,,,
222,,Skogsstyrelsen,1.0,Stockholms län,6578951.0,665173.0,,Ekerö,Manuell kartering - satellit,Granskad - God,,223.0,2018-11-12,0.0,5109.26464844,278.195245207,https://kartor.skogsstyrelsen.se/kartorapp/?startapp=skogligagrunddata&x=6578951&y=665173&scale=37502.2872&bg=KARTA,,,2.0,,,,,
223,,Skogsstyrelsen,0.0,Stockholms län,6578879.0,665376.0,,Ekerö,Manuell kartering - satellit,Granskad - God,,224.0,2018-11-12,0.0,2922.6484375,220.84540439,https://kartor.skogsstyrelsen.se/kartorapp/?startapp=skogligagrunddata&x=6578879&y=665376&scale=37502.2872&bg=KARTA,,,2.0,,,,,
224,,Skogsstyrelsen,0.0,Stockholms län,6582879.0,662075.0,,Stockholm,Manuell kartering - satellit,Granskad - God,,225.0,2018-11-12,0.0,2659.51879883,202.987337459,https://kartor.skogsstyrelsen.se/kartorapp/?startapp=skogligagrunddata&x=6582879&y=662075&scale=37502.2872&bg=KARTA,,,2.0,,,,,
225,,Skogsstyrelsen,1.0,Örebro län,6554090.0,474398.0,,Degerfors,Manuell kartering - satellit,Granskad - God,,226.0,2018-11-12,0.0,10400.7141113,403.56573614900003,https://kartor.skogsstyrelsen.se/kartorapp/?startapp=skogligagrunddata&x=6554090&y=474398&scale=37502.2872&bg=KARTA,,,2.0,,,,,
226,,Skogsstyrelsen,1.0,Västra Götalands län,6560436.0,340638.0,,Bengtsfors,Manuell kartering - satellit,Granskad - God,,227.0,2018-11-12,0.0,5911.76147461,310.319483167,https://kartor.skogsstyrelsen.se/kartorapp/?startapp=skogligagrunddata&x=6560436&y=340638&scale=37502.2872&bg=KARTA,,,2.0,,,,,
227,,Skogsstyrelsen,0.0,Stockholms län,6570167.0,665038.0,,Huddinge,Manuell kartering - satellit,Granskad - God,,228.0,2018-11-12,0.0,1999.10009766,185.254980517,https://kartor.skogsstyrelsen.se/kartorapp/?startapp=skogligagrunddata&x=6570167&y=665038&scale=37502.2872&bg=KARTA,,,2.0,,,,,
228,,Skogsstyrelsen,4.0,Stockholms län,6559358.0,656600.0,,Botkyrka,Manuell kartering - satellit,Granskad - God,,229.0,2018-11-12,0.0,35021.8344727,874.415121994,https://kartor.skogsstyrelsen.se/kartorapp/?startapp=skogligagrunddata&x=6559358&y=656600&scale=37502.2872&bg=KARTA,,,2.0,,,,,
229,,Skogsstyrelsen,2.0,Stockholms län,6557665.0,669062.0,,Haninge,Manuell kartering - satellit,Granskad - God,,230.0,2018-11-12,0.0,24061.7790527,644.77903463,https://kartor.skogsstyrelsen.se/kartorapp/?startapp=skogligagrunddata&x=6557665&y=669062&scale=37502.2872&bg=KARTA,,,2.0,,,,,
230,,Skogsstyrelsen,0.0,Örebro län,6523558.0,521164.0,,Hallsberg,Manuell kartering - satellit,Granskad - God,,231.0,2018-11-12,0.0,3684.20385742,252.763168087,https://kartor.skogsstyrelsen.se/kartorapp/?startapp=skogligagrunddata&x=6523558&y=521164&scale=37502.2872&bg=KARTA,,,2.0,,,,,
231,,Skogsstyrelsen,1.0,Örebro län,6525744.0,522800.0,,Hallsberg,Manuell kartering - satellit,Granskad - God,,232.0,2018-11-12,0.0,13019.4025879,468.298845972,https://kartor.skogsstyrelsen.se/kartorapp/?startapp=skogligagrunddata&x=6525744&y=522800&scale=37502.2872&bg=KARTA,,,2.0,,,,,
232,,Skogsstyrelsen,1.0,Örebro län,6527744.0,503029.0,,Askersund,Manuell kartering - satellit,Granskad - God,,233.0,2018-11-12,0.0,7903.24121094,474.003776989,https://kartor.skogsstyrelsen.se/kartorapp/?startapp=skogligagrunddata&x=6527744&y=503029&scale=37502.2872&bg=KARTA,,,2.0,,,,,
233,,Skogsstyrelsen,1.0,Örebro län,6536331.0,486257.0,,Askersund,Manuell kartering - satellit,Granskad - God,,234.0,2018-11-12,0.0,5118.14404297,394.38922044599997,https://kartor.skogsstyrelsen.se/kartorapp/?startapp=skogligagrunddata&x=6536331&y=486257&scale=37502.2872&bg=KARTA,,,2.0,,,,,
234,,Skogsstyrelsen,6.0,Östergötlands län,6536530.0,536278.0,,Finspång,Manuell kartering - satellit,Granskad - God,,235.0,2018-11-12,0.0,57316.162353499996,904.047789055,https://kartor.skogsstyrelsen.se/kartorapp/?startapp=skogligagrunddata&x=6536530&y=536278&scale=37502.2872&bg=KARTA,,,2.0,,,,,
235,,Skogsstyrelsen,1.0,Östergötlands län,6524438.0,526438.0,,Finspång,Manuell kartering - satellit,Granskad - God,,236.0,2018-11-12,0.0,10924.2937012,424.979599236,https://kartor.skogsstyrelsen.se/kartorapp/?startapp=skogligagrunddata&x=6524438&y=526438&scale=37502.2872&bg=KARTA,,,2.0,,,,,
236,,Skogsstyrelsen,3.0,Östergötlands län,6508479.0,554872.0,,Finspång,Manuell kartering - satellit,Granskad - God,,237.0,2018-11-12,0.0,32986.707031299986,833.2788653660001,https://kartor.skogsstyrelsen.se/kartorapp/?startapp=skogligagrunddata&x=6508479&y=554872&scale=37502.2872&bg=KARTA,,,1.0,,,,,
237,,Skogsstyrelsen,0.0,Östergötlands län,6500849.0,536382.0,,Finspång,Manuell kartering - satellit,Granskad - God,"Osäker, behöver kontrolleras",238.0,2018-11-12,0.0,1123.84667969,127.248802329,https://kartor.skogsstyrelsen.se/kartorapp/?startapp=skogligagrunddata&x=6500849&y=536382&scale=37502.2872&bg=KARTA,,,1.0,,,,,
238,,Skogsstyrelsen,3.0,Västra Götalands län,6497338.0,312856.0,,Munkedal,Manuell kartering - satellit,Granskad - God,,239.0,2018-11-12,0.0,32748.2513428,1150.09611838,https://kartor.skogsstyrelsen.se/kartorapp/?startapp=skogligagrunddata&x=6497338&y=312856&scale=37502.2872&bg=KARTA,,,1.0,,,,,
239,,Skogsstyrelsen,12.0,Västra Götalands län,6489490.0,319150.0,,Färgelanda,Manuell kartering - satellit,Granskad - God,,240.0,2018-11-12,0.0,122019.188721,1615.58343459,https://kartor.skogsstyrelsen.se/kartorapp/?startapp=skogligagrunddata&x=6489490&y=319150&scale=37502.2872&bg=KARTA,,,1.0,,,,,
240,,Skogsstyrelsen,3.0,Västra Götalands län,6503014.0,333680.0,,Färgelanda,Manuell kartering - satellit,Granskad - God,,241.0,2018-11-12,0.0,28104.863403299998,657.683134031,https://kartor.skogsstyrelsen.se/kartorapp/?startapp=skogligagrunddata&x=6503014&y=333680&scale=37502.2872&bg=KARTA,,,1.0,,,,,
241,,Skogsstyrelsen,1.0,Västra Götalands län,6515333.0,320773.0,,Färgelanda,Manuell kartering - satellit,Granskad - God,,242.0,2018-11-12,0.0,6581.65466309,297.284553136,https://kartor.skogsstyrelsen.se/kartorapp/?startapp=skogligagrunddata&x=6515333&y=320773&scale=37502.2872&bg=KARTA,,,1.0,,,,,
242,,Skogsstyrelsen,0.0,Östergötlands län,6501868.0,576792.0,,Norrköping,Manuell kartering - satellit,Granskad - God,"Osäker, behöver kontrolleras",243.0,2018-11-12,0.0,1347.36401367,139.155475492,https://kartor.skogsstyrelsen.se/kartorapp/?startapp=skogligagrunddata&x=6501868&y=576792&scale=37502.2872&bg=KARTA,,,1.0,,,,,
243,,Skogsstyrelsen,1.0,Östergötlands län,6491596.0,569814.0,,Norrköping,Manuell kartering - satellit,Granskad - God,,244.0,2018-11-12,0.0,5575.32519531,303.90219063,https://kartor.skogsstyrelsen.se/kartorapp/?startapp=skogligagrunddata&x=6491596&y=569814&scale=37502.2872&bg=KARTA,,,1.0,,,,,
244,,Skogsstyrelsen,0.0,Östergötlands län,6482346.0,604801.0,,Norrköping,Manuell kartering - satellit,Granskad - God,,245.0,2018-11-12,0.0,2613.98608398,243.957722526,https://kartor.skogsstyrelsen.se/kartorapp/?startapp=skogligagrunddata&x=6482346&y=604801&scale=37502.2872&bg=KARTA,,,1.0,,,,,
245,,Skogsstyrelsen,0.0,Östergötlands län,6503996.0,570030.0,,Norrköping,Manuell kartering - satellit,Granskad - God,,246.0,2018-11-12,0.0,2880.90527344,202.453970149,https://kartor.skogsstyrelsen.se/kartorapp/?startapp=skogligagrunddata&x=6503996&y=570030&scale=37502.2872&bg=KARTA,,,1.0,,,,,
246,,Skogsstyrelsen,0.0,Västra Götalands län,6472381.0,348769.0,,Vänersborg,Manuell kartering - satellit,Granskad - God,,247.0,2018-11-12,0.0,3699.95678711,231.66005408599997,https://kartor.skogsstyrelsen.se/kartorapp/?startapp=skogligagrunddata&x=6472381&y=348769&scale=37502.2872&bg=KARTA,,,1.0,,,,,
247,,Skogsstyrelsen,1.0,Östergötlands län,6456388.0,599019.0,,Valdemarsvik,Manuell kartering - satellit,Granskad - God,"Osäker, behöver kontrolleras",248.0,2018-11-12,0.0,5312.51293945,282.004679411,https://kartor.skogsstyrelsen.se/kartorapp/?startapp=skogligagrunddata&x=6456388&y=599019&scale=37502.2872&bg=KARTA,,,1.0,,,,,
248,,Skogsstyrelsen,1.0,Östergötlands län,6459664.0,594871.0,,Valdemarsvik,Manuell kartering - satellit,Granskad - God,,249.0,2018-11-12,0.0,10816.513427700002,396.98261475099997,https://kartor.skogsstyrelsen.se/kartorapp/?startapp=skogligagrunddata&x=6459664&y=594871&scale=37502.2872&bg=KARTA,,,1.0,,,,,
249,,Skogsstyrelsen,0.0,Västra Götalands län,6447653.0,343784.0,,Trollhättan,Manuell kartering - satellit,Granskad - God,,250.0,2018-11-12,0.0,2710.05932617,194.754651185,https://kartor.skogsstyrelsen.se/kartorapp/?startapp=skogligagrunddata&x=6447653&y=343784&scale=37502.2872&bg=KARTA,,,1.0,,,,,
250,,Skogsstyrelsen,1.0,Östergötlands län,6445645.0,574743.0,,Åtvidaberg,Manuell kartering - satellit,Granskad - God,,251.0,2018-11-12,0.0,5886.87524414,287.490867364,https://kartor.skogsstyrelsen.se/kartorapp/?startapp=skogligagrunddata&x=6445645&y=574743&scale=37502.2872&bg=KARTA,,,1.0,,,,,
251,,Skogsstyrelsen,1.0,Östergötlands län,6465015.0,566234.0,,Åtvidaberg,Manuell kartering - satellit,Granskad - God,2 larmpunkter til samma yta,252.0,2018-11-12,0.0,12954.513427700002,419.790143555,https://kartor.skogsstyrelsen.se/kartorapp/?startapp=skogligagrunddata&x=6465015&y=566234&scale=37502.2872&bg=KARTA,,,1.0,,,,,
252,,Skogsstyrelsen,1.0,Västra Götalands län,6413334.0,357344.0,,Alingsås,Manuell kartering - satellit,Granskad - God,,253.0,2018-11-12,0.0,12818.0012207,428.157859911,https://kartor.skogsstyrelsen.se/kartorapp/?startapp=skogligagrunddata&x=6413334&y=357344&scale=37502.2872&bg=KARTA,,,1.0,,,,,
253,,Skogsstyrelsen,0.0,Östergötlands län,6411461.0,556227.0,,Kinda,Manuell kartering - satellit,Granskad - God,,254.0,2018-11-12,0.0,3493.74755859,296.023139165,https://kartor.skogsstyrelsen.se/kartorapp/?startapp=skogligagrunddata&x=6411461&y=556227&scale=37502.2872&bg=KARTA,,,1.0,,,,,
254,,Skogsstyrelsen,1.0,Kalmar län,6401251.0,577494.0,,Västervik,Manuell kartering - satellit,Granskad - God,,255.0,2018-11-12,0.0,5310.26879883,275.494145369,https://kartor.skogsstyrelsen.se/kartorapp/?startapp=skogligagrunddata&x=6401251&y=577494&scale=37502.2872&bg=KARTA,,,1.0,,,,,
255,,Skogsstyrelsen,1.0,Östergötlands län,6407490.0,520859.0,,Ydre,Manuell kartering - satellit,Granskad - God,Diffus,256.0,2018-11-12,0.0,5026.61645508,287.797171195,https://kartor.skogsstyrelsen.se/kartorapp/?startapp=skogligagrunddata&x=6407490&y=520859&scale=37502.2872&bg=KARTA,,,1.0,,,,,
256,,Skogsstyrelsen,3.0,Västra Götalands län,6401943.0,362759.0,,Bollebygd,Manuell kartering - satellit,Granskad - God,,257.0,2018-11-12,0.0,28102.5197754,710.7855348339999,https://kartor.skogsstyrelsen.se/kartorapp/?startapp=skogligagrunddata&x=6401943&y=362759&scale=37502.2872&bg=KARTA,,,1.0,,,,,
257,,Skogsstyrelsen,1.0,Västra Götalands län,6374330.0,348017.0,,Mark,Manuell kartering - satellit,Granskad - God,,258.0,2018-11-12,0.0,14220.1711426,462.14906754099997,https://kartor.skogsstyrelsen.se/kartorapp/?startapp=skogligagrunddata&x=6374330&y=348017&scale=37502.2872&bg=KARTA,,,1.0,,,,,
258,,Skogsstyrelsen,1.0,Kalmar län,6374685.0,591299.0,,Oskarshamn,Manuell kartering - satellit,Granskad - God,,259.0,2018-11-12,0.0,9296.05859375,369.903354689,https://kartor.skogsstyrelsen.se/kartorapp/?startapp=skogligagrunddata&x=6374685&y=591299&scale=37502.2872&bg=KARTA,,,1.0,,,,,
259,,Skogsstyrelsen,1.0,Kalmar län,6339671.0,589113.0,,Oskarshamn,Manuell kartering - satellit,Granskad - God,,260.0,2018-11-12,0.0,9677.10180664,412.76011964599996,https://kartor.skogsstyrelsen.se/kartorapp/?startapp=skogligagrunddata&x=6339671&y=589113&scale=37502.2872&bg=KARTA,,,1.0,,,,,
260,,Skogsstyrelsen,1.0,Kalmar län,6372416.0,592897.0,,Oskarshamn,Manuell kartering - satellit,Granskad - God,,261.0,2018-11-12,0.0,8630.07861328,364.07925504,https://kartor.skogsstyrelsen.se/kartorapp/?startapp=skogligagrunddata&x=6372416&y=592897&scale=37502.2872&bg=KARTA,,,1.0,,,,,
261,,Skogsstyrelsen,2.0,Kalmar län,6375113.0,590891.0,,Oskarshamn,Manuell kartering - satellit,Granskad - God,,262.0,2018-11-12,0.0,21707.7434082,805.3683973230002,https://kartor.skogsstyrelsen.se/kartorapp/?startapp=skogligagrunddata&x=6375113&y=590891&scale=37502.2872&bg=KARTA,,,1.0,,,,,
262,,Skogsstyrelsen,4.0,Kalmar län,6363324.0,584578.0,,Oskarshamn,Manuell kartering - satellit,Granskad - God,,263.0,2018-11-12,0.0,35516.8442383,767.945680228,https://kartor.skogsstyrelsen.se/kartorapp/?startapp=skogligagrunddata&x=6363324&y=584578&scale=37502.2872&bg=KARTA,,,1.0,,,,,
263,,Skogsstyrelsen,0.0,Jönköpings län,6305509.0,458633.0,,Värnamo,Manuell kartering - satellit,Granskad - God,,264.0,2018-11-12,0.0,1707.83227539,175.108622173,https://kartor.skogsstyrelsen.se/kartorapp/?startapp=skogligagrunddata&x=6305509&y=458633&scale=37502.2872&bg=KARTA,,,1.0,,,,,
264,,Skogsstyrelsen,1.0,Kalmar län,6334734.0,577586.0,,Mönsterås,Manuell kartering - satellit,Granskad - God,,265.0,2018-11-12,0.0,6932.69750977,362.293022364,https://kartor.skogsstyrelsen.se/kartorapp/?startapp=skogligagrunddata&x=6334734&y=577586&scale=37502.2872&bg=KARTA,,,1.0,,,,,
265,,Skogsstyrelsen,0.0,Kronobergs län,6332721.0,465546.0,,Alvesta,Manuell kartering - satellit,Granskad - God,,266.0,2018-11-12,0.0,982.595458984,119.781427623,https://kartor.skogsstyrelsen.se/kartorapp/?startapp=skogligagrunddata&x=6332721&y=465546&scale=37502.2872&bg=KARTA,,,1.0,,,,,
266,,Skogsstyrelsen,0.0,Hallands län,6297833.0,378457.0,,Halmstad,Manuell kartering - satellit,Granskad - God,,267.0,2018-11-12,0.0,4310.64013672,289.946173973,https://kartor.skogsstyrelsen.se/kartorapp/?startapp=skogligagrunddata&x=6297833&y=378457&scale=37502.2872&bg=KARTA,,,1.0,,,,,
267,,Skogsstyrelsen,1.0,Kalmar län,6274409.0,541031.0,,Emmaboda,Manuell kartering - satellit,Granskad - God,,268.0,2018-11-12,0.0,8572.23876953,370.14326712800005,https://kartor.skogsstyrelsen.se/kartorapp/?startapp=skogligagrunddata&x=6274409&y=541031&scale=37502.2872&bg=KARTA,,,1.0,,,,,
268,,Skogsstyrelsen,1.0,Blekinge län,6232145.0,479461.0,,Olofström,Manuell kartering - satellit,Granskad - God,,269.0,2018-11-12,0.0,7207.64648438,316.871523602,https://kartor.skogsstyrelsen.se/kartorapp/?startapp=skogligagrunddata&x=6232145&y=479461&scale=37502.2872&bg=KARTA,,,1.0,,,,,
269,,Skogsstyrelsen,0.0,Blekinge län,6244654.0,467000.0,,Olofström,Manuell kartering - satellit,Granskad - God,,270.0,2018-11-12,0.0,1941.01953125,182.96198355099997,https://kartor.skogsstyrelsen.se/kartorapp/?startapp=skogligagrunddata&x=6244654&y=467000&scale=37502.2872&bg=KARTA,,,1.0,,,,,
270,,Skogsstyrelsen,1.0,Skåne län,6242092.0,379925.0,,Ängelholm,Manuell kartering - satellit,Granskad - God,,271.0,2018-11-12,0.0,8447.97265625,366.178972676,https://kartor.skogsstyrelsen.se/kartorapp/?startapp=skogligagrunddata&x=6242092&y=379925&scale=37502.2872&bg=KARTA,,,1.0,,,,,
271,,Skogsstyrelsen,1.0,Uppsala län,6628969.0,653067.0,,Uppsala,Manuell kartering - satellit,Granskad - God,,272.0,2018-11-12,0.0,9266.77954102,527.494839759,https://kartor.skogsstyrelsen.se/kartorapp/?startapp=skogligagrunddata&x=6628969&y=653067&scale=37502.2872&bg=KARTA,,,2.0,,,,,
272,,Skogsstyrelsen,4.0,Blekinge län,6237864.0,483411.0,,Olofström,Manuell kartering - satellit,Granskad - God,,273.0,2018-11-12,0.0,42576.3398438,976.9745479569999,https://kartor.skogsstyrelsen.se/kartorapp/?startapp=skogligagrunddata&x=6237864&y=483411&scale=37502.2872&bg=KARTA,,,1.0,,,,,
273,,,1.0,Jämtlands län,6985566.0,556251.0,,Bräcke,Manuell kartering - satellit,Granskad - God,,274.0,2018-11-12,0.0,6587.46948242,359.863290445,https://kartor.skogsstyrelsen.se/kartorapp/?startapp=skogligagrunddata&x=6985566&y=556251&scale=37502.2872&bg=KARTA,,,4.0,,,,,
274,,,3.0,Jämtlands län,6991841.0,509041.0,,Bräcke,Manuell kartering - satellit,Granskad - God,,275.0,2018-11-12,0.0,27217.097656299997,740.7726886080002,https://kartor.skogsstyrelsen.se/kartorapp/?startapp=skogligagrunddata&x=6991841&y=509041&scale=37502.2872&bg=KARTA,,,4.0,,,,,
275,,,2.0,Västmanlands län,6647637.0,556832.0,,Fagersta,Manuell kartering - satellit,Granskad - God,,276.0,2018-11-12,0.0,16939.005127,551.363449543,https://kartor.skogsstyrelsen.se/kartorapp/?startapp=skogligagrunddata&x=6647637&y=556832&scale=37502.2872&bg=KARTA,,,2.0,,,,,
276,,,2.0,Södermanlands län,6556809.0,618404.0,,Gnesta,Manuell kartering - satellit,Granskad - God,,277.0,2018-11-12,0.0,16656.7226563,492.854936188,https://kartor.skogsstyrelsen.se/kartorapp/?startapp=skogligagrunddata&x=6556809&y=618404&scale=37502.2872&bg=KARTA,,,2.0,,,,,
277,,,1.0,Västra Götalands län,6511113.0,320341.0,,Munkedal,Manuell kartering - satellit,Granskad - God,,278.0,2018-11-12,0.0,5048.27844238,315.31542547,https://kartor.skogsstyrelsen.se/kartorapp/?startapp=skogligagrunddata&x=6511113&y=320341&scale=37502.2872&bg=KARTA,,,1.0,,,,,
278,,,0.0,Kalmar län,6361872.0,594103.0,,Oskarshamn,Manuell kartering - satellit,Granskad - God,,279.0,2018-11-12,0.0,4032.66259766,251.029406925,https://kartor.skogsstyrelsen.se/kartorapp/?startapp=skogligagrunddata&x=6361872&y=594103&scale=37502.2872&bg=KARTA,,,1.0,,,,,
279,,,1.0,Kalmar län,6380689.0,581683.0,,Västervik,Manuell kartering - satellit,Granskad - God,,280.0,2018-11-12,0.0,12831.263427700002,535.4234157430001,https://kartor.skogsstyrelsen.se/kartorapp/?startapp=skogligagrunddata&x=6380689&y=581683&scale=37502.2872&bg=KARTA,,,1.0,,,,,
280,,,0.0,Kalmar län,6419616.0,586447.0,,Västervik,Manuell kartering - satellit,Granskad - God,,281.0,2018-11-12,0.0,1297.1171875,149.608947748,https://kartor.skogsstyrelsen.se/kartorapp/?startapp=skogligagrunddata&x=6419616&y=586447&scale=37502.2872&bg=KARTA,,,1.0,,,,,
281,,,1.0,Blekinge län,6236114.0,509392.0,,Ronneby,Manuell kartering - satellit,Granskad - God,,282.0,2018-11-12,0.0,12703.635253899998,464.051740391,https://kartor.skogsstyrelsen.se/kartorapp/?startapp=skogligagrunddata&x=6236114&y=509392&scale=37502.2872&bg=KARTA,,,1.0,,,,,
282,,,4.0,Dalarnas län,6783287.0,510459.0,,Rättvik,Manuell kartering - satellit,Granskad - God,,283.0,2018-11-12,0.0,35683.2211914,775.861639433,https://kartor.skogsstyrelsen.se/kartorapp/?startapp=skogligagrunddata&x=6783287&y=510459&scale=37502.2872&bg=KARTA,,,3.0,,,,,
283,,,20.0,Västmanlands län,6617839.0,536884.0,,Skinnskatteberg,Manuell kartering - satellit,Granskad - God,,284.0,2018-11-12,0.0,199008.509521,2432.76986378,https://kartor.skogsstyrelsen.se/kartorapp/?startapp=skogligagrunddata&x=6617839&y=536884&scale=37502.2872&bg=KARTA,,,2.0,,,,,
284,,,1.0,Västmanlands län,6627700.0,535651.0,,Skinnskatteberg,Manuell kartering - satellit,Granskad - God,,285.0,2018-11-12,0.0,6191.655029300001,286.180191726,https://kartor.skogsstyrelsen.se/kartorapp/?startapp=skogligagrunddata&x=6627700&y=535651&scale=37502.2872&bg=KARTA,,,2.0,,,,,
285,,,1.0,Kalmar län,6358740.0,535348.0,,Hultsfred,Manuell kartering - satellit,Granskad - God,,286.0,2018-11-12,0.0,9020.61743164,382.29556388300006,https://kartor.skogsstyrelsen.se/kartorapp/?startapp=skogligagrunddata&x=6358740&y=535348&scale=37502.2872&bg=KARTA,,,1.0,,,,,
286,,,0.0,Kalmar län,6367791.0,563979.0,,Hultsfred,Manuell kartering - satellit,Granskad - God,,287.0,2018-11-12,0.0,4306.64916992,305.72763558099996,https://kartor.skogsstyrelsen.se/kartorapp/?startapp=skogligagrunddata&x=6367791&y=563979&scale=37502.2872&bg=KARTA,,,1.0,,,,,
287,,,2.0,Kalmar län,6345934.0,535202.0,,Hultsfred,Manuell kartering - satellit,Granskad - God,,288.0,2018-11-12,0.0,16740.7810059,499.562003644,https://kartor.skogsstyrelsen.se/kartorapp/?startapp=skogligagrunddata&x=6345934&y=535202&scale=37502.2872&bg=KARTA,,,1.0,,,,,
288,,,3.0,Kalmar län,6345121.0,534517.0,,Hultsfred,Manuell kartering - satellit,Granskad - God,,289.0,2018-11-12,0.0,34971.5129395,896.7822651060001,https://kartor.skogsstyrelsen.se/kartorapp/?startapp=skogligagrunddata&x=6345121&y=534517&scale=37502.2872&bg=KARTA,,,1.0,,,,,
289,,,1.0,Västernorrlands län,7056549.0,683701.0,,Örnsköldsvik,Manuell kartering - satellit,Granskad - God,,290.0,2018-11-12,0.0,14259.730468799999,541.755663799,https://kartor.skogsstyrelsen.se/kartorapp/?startapp=skogligagrunddata&x=7056549&y=683701&scale=37502.2872&bg=KARTA,,,4.0,,,,,
290,,,8.0,Kalmar län,6361746.0,584167.0,,Oskarshamn,Manuell kartering - satellit,Granskad - God,,291.0,2018-11-12,0.0,81655.2150879,1397.69572805,https://kartor.skogsstyrelsen.se/kartorapp/?startapp=skogligagrunddata&x=6361746&y=584167&scale=37502.2872&bg=KARTA,,,1.0,,,,,
291,,,1.0,Värmlands län,6590786.0,347057.0,,Årjäng,Manuell kartering - satellit,Granskad - God,,292.0,2018-11-12,0.0,8561.77709961,390.772196642,https://kartor.skogsstyrelsen.se/kartorapp/?startapp=skogligagrunddata&x=6590786&y=347057&scale=37502.2872&bg=KARTA,,,2.0,,,,,
292,,,1.0,Kalmar län,6365403.0,540336.0,,Hultsfred,Manuell kartering - satellit,Granskad - God,,293.0,2018-11-12,0.0,6002.74316406,349.888929917,https://kartor.skogsstyrelsen.se/kartorapp/?startapp=skogligagrunddata&x=6365403&y=540336&scale=37502.2872&bg=KARTA,,,1.0,,,,,
293,,,2.0,Värmlands län,6638201.0,329330.0,,Eda,Manuell kartering - satellit,Granskad - God,,294.0,2018-11-12,0.0,17422.098266599998,510.996177676,https://kartor.skogsstyrelsen.se/kartorapp/?startapp=skogligagrunddata&x=6638201&y=329330&scale=37502.2872&bg=KARTA,,,2.0,,,,,
294,,,1.0,Kalmar län,6392462.0,572254.0,,Västervik,Manuell kartering - satellit,Granskad - God,,295.0,2018-11-12,0.0,5064.66918945,285.82043796700003,https://kartor.skogsstyrelsen.se/kartorapp/?startapp=skogligagrunddata&x=6392462&y=572254&scale=37502.2872&bg=KARTA,,,1.0,,,,,
295,,,1.0,Kalmar län,6382560.0,580428.0,,Västervik,Manuell kartering - satellit,Granskad - God,,296.0,2018-11-12,0.0,5713.571533199999,304.615030953,https://kartor.skogsstyrelsen.se/kartorapp/?startapp=skogligagrunddata&x=6382560&y=580428&scale=37502.2872&bg=KARTA,,,1.0,,,,,
296,,,3.0,Västernorrlands län,7032310.0,687603.0,,Örnsköldsvik,Manuell kartering - satellit,Granskad - God,,297.0,2018-11-12,0.0,32771.0004883,720.7150777869998,https://kartor.skogsstyrelsen.se/kartorapp/?startapp=skogligagrunddata&x=7032310&y=687603&scale=37502.2872&bg=KARTA,,,4.0,,,,,
297,,,3.0,Kalmar län,6369726.0,556080.0,,Hultsfred,Manuell kartering - satellit,Granskad - God,,298.0,2018-11-12,0.0,30932.177978500004,743.1956097999997,https://kartor.skogsstyrelsen.se/kartorapp/?startapp=skogligagrunddata&x=6369726&y=556080&scale=37502.2872&bg=KARTA,,,1.0,,,,,
298,,,0.0,Kalmar län,6346985.0,571367.0,,Oskarshamn,Manuell kartering - satellit,Granskad - God,,299.0,2018-11-12,0.0,2728.83007813,190.609013613,https://kartor.skogsstyrelsen.se/kartorapp/?startapp=skogligagrunddata&x=6346985&y=571367&scale=37502.2872&bg=KARTA,,,1.0,,,,,
299,,,1.0,Västernorrlands län,6899610.0,596041.0,,Sundsvall,Manuell kartering - satellit,Granskad - God,,300.0,2018-11-12,0.0,13417.5888672,439.48276669,https://kartor.skogsstyrelsen.se/kartorapp/?startapp=skogligagrunddata&x=6899610&y=596041&scale=37502.2872&bg=KARTA,,,3.0,,,,,
300,,,4.0,Uppsala län,6717574.0,656805.0,,Tierp,Manuell kartering - satellit,Granskad - God,,301.0,2018-11-12,0.0,35859.81835940001,1025.57276576,https://kartor.skogsstyrelsen.se/kartorapp/?startapp=skogligagrunddata&x=6717574&y=656805&scale=37502.2872&bg=KARTA,,,2.0,,,,,
301,,,2.0,Västerbottens län,7120718.0,748757.0,,Umeå,Manuell kartering - satellit,Granskad - God,,302.0,2018-11-12,0.0,21983.6762695,734.8985373160001,https://kartor.skogsstyrelsen.se/kartorapp/?startapp=skogligagrunddata&x=7120718&y=748757&scale=37502.2872&bg=KARTA,,,4.0,,,,,
302,,,2.0,Värmlands län,6613227.0,372012.0,,Arvika,Manuell kartering - satellit,Granskad - God,,303.0,2018-11-12,0.0,20224.46875,534.734811339,https://kartor.skogsstyrelsen.se/kartorapp/?startapp=skogligagrunddata&x=6613227&y=372012&scale=37502.2872&bg=KARTA,,,2.0,,,,,
303,,,0.0,Kalmar län,6371423.0,566213.0,,Hultsfred,Manuell kartering - satellit,Granskad - God,,304.0,2018-11-12,0.0,3605.89331055,260.62249380099996,https://kartor.skogsstyrelsen.se/kartorapp/?startapp=skogligagrunddata&x=6371423&y=566213&scale=37502.2872&bg=KARTA,,,1.0,,,,,
304,,,1.0,Kalmar län,6252547.0,551105.0,,Torsås,Manuell kartering - satellit,Granskad - God,,305.0,2018-11-12,0.0,9669.89038086,382.735376743,https://kartor.skogsstyrelsen.se/kartorapp/?startapp=skogligagrunddata&x=6252547&y=551105&scale=37502.2872&bg=KARTA,,,1.0,,,,,
305,,,7.0,Uppsala län,6612335.0,638644.0,,Håbo,Manuell kartering - satellit,Granskad - God,,306.0,2018-11-12,0.0,69965.73681639999,1229.90535157,https://kartor.skogsstyrelsen.se/kartorapp/?startapp=skogligagrunddata&x=6612335&y=638644&scale=37502.2872&bg=KARTA,,,2.0,,,,,
306,,,0.0,Kalmar län,6400533.0,575099.0,,Västervik,Manuell kartering - satellit,Granskad - God,,307.0,2018-11-12,0.0,4401.80078125,245.086148387,https://kartor.skogsstyrelsen.se/kartorapp/?startapp=skogligagrunddata&x=6400533&y=575099&scale=37502.2872&bg=KARTA,,,1.0,,,,,
307,,,1.0,Stockholms län,6582101.0,699417.0,,Värmdö,Manuell kartering - satellit,Granskad - God,,308.0,2018-11-12,0.0,5804.88574219,298.321343658,https://kartor.skogsstyrelsen.se/kartorapp/?startapp=skogligagrunddata&x=6582101&y=699417&scale=37502.2872&bg=KARTA,,,2.0,,,,,
308,,,2.0,Gävleborgs län,6721601.0,626427.0,,Gävle,Manuell kartering - satellit,Granskad - God,,309.0,2018-11-12,0.0,19978.8439941,655.9086506040001,https://kartor.skogsstyrelsen.se/kartorapp/?startapp=skogligagrunddata&x=6721601&y=626427&scale=37502.2872&bg=KARTA,,,2.0,,,,,
309,Pålgård,,222.0,Jämtlands län,7000663.0,570852.0,,Ragunda,Manuell kartering - satellit,Granskad - God,Copernicus. Korr med GPS och noggrannare satbildstolkning.,310.0,2018-11-12,0.0,2217774.77368,8204.16339294,https://kartor.skogsstyrelsen.se/kartorapp/?startapp=skogligagrunddata&x=7000663&y=570852&scale=37502.2872&bg=KARTA,3.0,This one looks to have obvious burning,4.0,600.0,,,,
310,,,16.0,Västmanlands län,6617857.0,536877.0,,Skinnskatteberg,Manuell kartering - satellit,Granskad - God,Tips från Magnus Lind,311.0,2018-11-12,0.0,157708.21411099998,4821.44677665,https://kartor.skogsstyrelsen.se/kartorapp/?startapp=skogligagrunddata&x=6617857&y=536877&scale=37502.2872&bg=KARTA,,,2.0,,,,,
311,,,4.0,Jämtlands län,7020714.0,559210.0,,Ragunda,Avgränsat med GPS,Granskad - Mycket god,Avgränsat med GPS,312.0,2018-11-12,0.0,39273.8344727,1006.00370539,https://kartor.skogsstyrelsen.se/kartorapp/?startapp=skogligagrunddata&x=7020714&y=559210&scale=37502.2872&bg=KARTA,,,4.0,,,,,
312,,,1.0,Jämtlands län,7107110.0,505735.0,,Strömsund,Manuell kartering - satellit,Granskad - God,Brand syns i satellitbild från 180714,313.0,2018-11-12,0.0,5646.54614258,361.52711167,https://kartor.skogsstyrelsen.se/kartorapp/?startapp=skogligagrunddata&x=7107110&y=505735&scale=37502.2872&bg=KARTA,,,4.0,,,,,
313,,,1.0,Jämtlands län,7145479.0,465402.0,,Strömsund,Manuell kartering - satellit,Granskad - God,,314.0,2018-11-12,0.0,11062.5969238,507.455602724,https://kartor.skogsstyrelsen.se/kartorapp/?startapp=skogligagrunddata&x=7145479&y=465402&scale=37502.2872&bg=KARTA,,,4.0,,,,,
314,,,1.0,Jämtlands län,6980186.0,578568.0,,Ragunda,Manuell kartering - satellit,Granskad - God,"Kant i hygge, brand syns i satellitbild från 180707",315.0,2018-11-12,0.0,6872.25463867,340.603363276,https://kartor.skogsstyrelsen.se/kartorapp/?startapp=skogligagrunddata&x=6980186&y=578568&scale=37502.2872&bg=KARTA,,,4.0,,,,,
315,,,1.0,Västernorrlands län,7080028.0,648947.0,,Örnsköldsvik,Manuell kartering - satellit,Granskad - God,Brand ses i satellitbild från 180714,316.0,2018-11-12,0.0,9845.81103516,411.485873244,https://kartor.skogsstyrelsen.se/kartorapp/?startapp=skogligagrunddata&x=7080028&y=648947&scale=37502.2872&bg=KARTA,,,4.0,,,,,
316,,,5.0,Västernorrlands län,7082288.0,589328.0,,Sollefteå,Manuell kartering - satellit,Granskad - God,Brandlåga ses i satellitbild 180714 (larmtid 180717),317.0,2018-11-12,0.0,53992.8625488,953.771098524,https://kartor.skogsstyrelsen.se/kartorapp/?startapp=skogligagrunddata&x=7082288&y=589328&scale=37502.2872&bg=KARTA,,,4.0,,,,,
317,,,1.0,Västernorrlands län,7018240.0,622779.0,,Sollefteå,Manuell kartering - satellit,Granskad - God,,318.0,2018-11-12,0.0,7710.73242188,366.932389198,https://kartor.skogsstyrelsen.se/kartorapp/?startapp=skogligagrunddata&x=7018240&y=622779&scale=37502.2872&bg=KARTA,,,4.0,,,,,
318,,,2.0,Västernorrlands län,7071626.0,671376.0,,Örnsköldsvik,Manuell kartering - satellit,Granskad - God,,319.0,2018-11-12,0.0,22237.5288086,873.319130915,https://kartor.skogsstyrelsen.se/kartorapp/?startapp=skogligagrunddata&x=7071626&y=671376&scale=37502.2872&bg=KARTA,,,4.0,,,,,
319,,,0.0,Västernorrlands län,7042641.0,698741.0,,Örnsköldsvik,Manuell kartering - satellit,Granskad - God,,320.0,2018-11-12,0.0,2405.81640625,182.33948944099998,https://kartor.skogsstyrelsen.se/kartorapp/?startapp=skogligagrunddata&x=7042641&y=698741&scale=37502.2872&bg=KARTA,,,4.0,,,,,
320,,,3.0,Västernorrlands län,7038797.0,628583.0,,Örnsköldsvik,Manuell kartering - satellit,Granskad - God,,321.0,2018-11-12,0.0,26767.069335900003,830.960995976,https://kartor.skogsstyrelsen.se/kartorapp/?startapp=skogligagrunddata&x=7038797&y=628583&scale=37502.2872&bg=KARTA,,,4.0,,,,,
321,,,2.0,Uppsala län,6671392.0,690391.0,,Östhammar,Manuell kartering - satellit,Granskad - God,,322.0,2018-11-12,0.0,24577.809082,910.150042618,https://kartor.skogsstyrelsen.se/kartorapp/?startapp=skogligagrunddata&x=6671392&y=690391&scale=37502.2872&bg=KARTA,,,2.0,,,,,
322,,,14.0,Norrbottens län,7406022.0,831966.0,,Överkalix,Manuell kartering - satellit,Granskad - God,,323.0,2018-11-12,0.0,138003.456055,1788.39454189,https://kartor.skogsstyrelsen.se/kartorapp/?startapp=skogligagrunddata&x=7406022&y=831966&scale=37502.2872&bg=KARTA,,,5.0,,,,,
323,,,31.0,Västerbottens län,7100306.0,731717.0,,Vännäs,Manuell kartering - satellit,Granskad - God,"Brand utmed järnväg, består av flera mindre områden (multi part features)",324.0,2018-11-12,0.0,307042.883789,7953.66920665,https://kartor.skogsstyrelsen.se/kartorapp/?startapp=skogligagrunddata&x=7100306&y=731717&scale=37502.2872&bg=KARTA,,,4.0,,,,,
324,Ryvålen,Skogsstyrelsen,0.0,Jämtlands län,6905240.0,428097.0,,Härjedalen,Inmätning med GPS,Granskad - Mycket god,Inmätt av länsstyrelsen i Jämtland,325.0,2018-11-12,0.0,1483481.8418,21471.5662993,https://kartor.skogsstyrelsen.se/kartorapp/?startapp=skogligagrunddata&x=6905240&y=428097&scale=37502.2872&bg=KARTA,,,3.0,,,,,
